,0,1,2,3,4,5,6,7,8,9,10,11,12,13,14,15,16,17,18,19,20,21,22,23,24,25,26,27,28,29,30,31,32,33,34,35,36,37,38,39,40,41,42,43,44,45,46,47,48,49,50,51,52,53,54,55,56,57,58,59,60,61,62,63,64,65,66,67,68,69,70,71,72,73,74,75,76,77,78,79,80,81,82,83,84,85,86,87,88,89,90,91,92,93,94,95
1,"אוכלוסייה, לפי מחוז ונפה, קבוצת אוכלוסייה, מין וגיל, סוף 2001",,,,,,,,,,,,,,,,,,,,,,,,,,,,,,,,,,,,,,,,,,,,,,,,,,,,,,,,,,,,,,,,,,,,,,,,,,,,,,,,,,,,,,,,,,,,,,,
3,הנתונים מוצגים במספרים מוחלטים.,,,,,,,,,,,,,,,,,,,,,,,,,,,,,,,,,,,,,,,,,,,,,,,,,,,,,,,,,,,,,,,,,,,,,,,,,,,,,,,,,,,,,,,,,,,,,,,
5,.. = הנתונים קטנים מ-3 או שווים ל-3,,,,,,,,,,,,,,,,,,,,,,,,,,,,,,,,,,,,,,,,,,,,,,,,,,,,,,,,,,,,,,,,,,,,,,,,,,,,,,,,,,,,,,,,,,,,,,,
7,אזהרה: בשימוש בנתונים יש להביא בחשבון שככל שהמספר קטן יותר - כך יורדת רמת המהימנות של האומדן ועולה הסבירות לטעות. ,,,,,,,,,,,,,,,,,,,,,,,,,,,,,,,,,,,,,,,,,,,,,,,,,,,,,,,,,,,,,,,,,,,,,,,,,,,,,,,,,,,,,,,,,,,,,,,
9,קבוצת אוכלוסייה,מחוז,נפה,מין,גיל,,,,,,,,,,,,,,,,,,,,,,,,,,,,,,,,,,,,,,,,,,,,,,,,,,,,,,,,,,,,,,,,,,,,,,,,,,,,,,,,,,,,,,,,,,,
10,,,,,"סה""כ",0.0,1.0,2.0,3.0,4,5.0,6.0,7,8.0,9.0,10,11.0,12.0,13,14,15,16,17,18,19.0,20.0,21.0,22.0,23.0,24,25.0,26,27,28.0,29,30,31,32,33,34,35.0,36,37,38,39,40,41,42,43,44,45,46,47,48,49,50,51,52,53,54,55,56,57,58,59,60,61,62,63,64,65,66,67,68,69,70,71,72,73,74.0,75,76,77,78,79,80,81,82,83,84,85,86,87,88,89,+90
11,"סה""כ",סך הכל,,"סה""כ",6508817,136121.0,137071.0,133859.0,132917.0,128475,126048.0,123968.0,120901,120031.0,118914.0,115599,115150.0,114114.0,113781,112447,113056,112279,112198,113300,110255.0,107603.0,107651.0,106999.0,106981.0,108179,111217.0,109585,104564,101544.0,98756,97964,94845,88404,84815,79962,80287.0,79651,78477,76330,76267,75930,78920,76294,75627,74515,74445,75699,73739,74362,75782,74617,73960,66284,67804,71816,65180,52602,44378,38501,37960,39319,41732,41361,44007,44466,41618,39197,36139,34747,36475,32277,36301,32173,32789,30572.0,30693,30090,29296,26939,25185,20281,20582,15428,12797,9540,9336,9752,10236,8203,7553,20753
12,,,,גברים,3211149,69943.0,70464.0,68726.0,68167.0,66001,64784.0,63497.0,61946,61702.0,60842.0,59306,59064.0,58371.0,58319,57389,58042,57591,57690,58142,56309.0,54915.0,54751.0,54176.0,53900.0,54423,56225.0,55412,53044,51131.0,49759,49227,47554,44211,42200,39627,39869.0,39568,38901,37571,37153,37068,38411,37063,36680,36209,35875,36509,35766,35883,36553,36099,35742,31863,32507,34538,31331,25458,21552,18596,17896,18658,19488,19273,20243,20287,19097,17851,16352,15568,15934,14570,15952,13884,13844,12971.0,12628,12028,11528,10684,10373,8921,8861,6456,5205,4024,3604,3728,3739,3103,2726,8058
13,,,,נשים,3297668,66178.0,66607.0,65133.0,64750.0,62474,61264.0,60471.0,58955,58329.0,58072.0,56293,56086.0,55743.0,55462,55058,55014,54688,54508,55158,53946.0,52688.0,52900.0,52823.0,53081.0,53756,54992.0,54173,51520,50413.0,48997,48737,47291,44193,42615,40335,40418.0,40083,39576,38759,39114,38862,40509,39231,38947,38306,38570,39190,37973,38479,39229,38518,38218,34421,35297,37278,33849,27144,22826,19905,20064,20661,22244,22088,23764,24179,22521,21346,19787,19179,20541,17707,20349,18289,18945,17601.0,18065,18062,17768,16255,14812,11360,11721,8972,7592,5516,5732,6024,6497,5100,4827,12695
14,,מחוז ירושלים,סך הכל,"סה""כ",777360,20803.0,20635.0,20520.0,19886.0,18993,18908.0,18591.0,17707,17925.0,17178.0,16681,16490.0,16104.0,15351,14981,14803,14494,14491,14453,14849.0,14129.0,14007.0,13707.0,13332.0,12849,12933.0,12508,11647,11393.0,11049,10728,10547,9855,9108,8717,8772.0,8667,8403,8094,8201,7971,8341,7771,7668,7676,7059,7478,7129,7144,7135,7072,6957,6055,6686,6889,6111,5427,4675,4229,4107,3941,4231,3977,4259,4265,3960,3824,3571,3389,3832,3133,3523,3025,3033,3137.0,2672,2718,2466,2203,2341,1822,1830,1313,1129,994,891,904,965,758,772,2413
15,,,,גברים,386684,10653.0,10590.0,10367.0,10201.0,9769,9643.0,9577.0,9060,9181.0,8699.0,8518,8470.0,8281.0,7874,7665,7681,7592,7637,7325,7633.0,7246.0,7040.0,6801.0,6732.0,6525,6647.0,6359,5905,5734.0,5443,5339,5250,4947,4576,4335,4405.0,4442,4172,4044,4064,3987,4106,3841,3800,3850,3446,3601,3474,3432,3469,3423,3386,2866,3077,3188,2919,2576,2217,2024,1856,1890,1967,1875,1950,1880,1880,1815,1618,1515,1650,1450,1531,1392,1319,1248.0,1156,1108,1058,887,939,819,787,559,471,419,340,347,360,298,273,923
16,,,,נשים,390676,10150.0,10045.0,10153.0,9685.0,9224,9265.0,9014.0,8647,8744.0,8479.0,8163,8020.0,7823.0,7477,7316,7122,6902,6854,7128,7216.0,6883.0,6967.0,6906.0,6600.0,6324,6286.0,6149,5742,5659.0,5606,5389,5297,4908,4532,4382,4367.0,4225,4231,4050,4137,3984,4235,3930,3868,3826,3613,3877,3655,3712,3666,3649,3571,3189,3609,3701,3192,2851,2458,2205,2251,2051,2264,2102,2309,2385,2080,2009,1953,1874,2182,1683,1992,1633,1714,1889.0,1516,1610,1408,1316,1402,1003,1043,754,658,575,551,557,605,460,499,1490
17,,מחוז צפון,סך הכל,"סה""כ",1105517,25809.0,26079.0,25121.0,25445.0,24331,24082.0,24809.0,23818,23928.0,23392.0,23465,22925.0,22568.0,22078,21709,21078,21093,20914,21184,19736.0,19115.0,19128.0,19156.0,19331.0,19219,19457.0,18844,17811,17098.0,16460,15759,15692,15218,14700,14252,14203.0,14430,14167,13713,13709,13212,13702,13134,12934,12385,11862,12145,11721,11513,11179,10969,10682,8475,9074,9100,8611,7276,6406,5705,5564,5647,6171,5369,6272,5825,5678,5318,4641,4526,4425,3801,4697,3651,4251,3464.0,3607,3288,3252,3243,2605,2065,2077,1506,1529,945,998,1020,1025,1045,758,2143
18,,,,גברים,554208,13291.0,13440.0,12972.0,13050.0,12374,12460.0,12587.0,12369,12316.0,12144.0,12038,11683.0,11624.0,11424,10933,10806,10866,10648,10834,10150.0,9814.0,9773.0,9773.0,9642.0,9581,9822.0,9568,9132,8719.0,8431,8046,7902,7588,7309,7086,7145.0,7232,7004,6806,6769,6497,6699,6470,6454,6165,5814,5969,5966,5708,5606,5536,5310,4216,4517,4495,4287,3641,3226,2833,2743,2838,3003,2601,2975,2717,2657,2391,2126,2038,2002,1761,2065,1628,1707,1619.0,1514,1407,1335,1155,1064,865,853,685,559,412,452,417,408,403,295,953
19,,,,נשים,551309,12518.0,12639.0,12149.0,12395.0,11957,11622.0,12222.0,11449,11612.0,11248.0,11427,11242.0,10944.0,10654,10776,10272,10227,10266,10350,9586.0,9301.0,9355.0,9383.0,9689.0,9638,9635.0,9276,8679,8379.0,8029,7713,7790,7630,7391,7166,7058.0,7198,7163,6907,6940,6715,7003,6664,6480,6220,6048,6176,5755,5805,5573,5433,5372,4259,4557,4605,4324,3635,3180,2872,2821,2809,3168,2768,3297,3108,3021,2927,2515,2488,2423,2040,2632,2023,2544,1845.0,2093,1881,1917,2088,1541,1200,1224,821,970,533,546,603,617,642,463,1190
20,,,צפת,"סה""כ",92684,1923.0,2001.0,1939.0,1873.0,1904,1949.0,1743.0,1827,1843.0,1817.0,1787,1810.0,1801.0,1725,1788,1716,1802,1689,1713,1721.0,1781.0,1767.0,1612.0,1658.0,1606,1655.0,1599,1405,1215.0,1186,1092,1143,1079,1022,1010,1092.0,1068,1055,1011,1127,1096,1200,1173,1177,1129,1115,1099,1093,1069,1043,1054,1018,869,864,908,780,732,605,555,559,545,580,552,565,633,575,576,488,505,493,443,470,422,422,368.0,391,389,375,304,307,223,201,194,122,115,120,131,112,84,86,201
21,,,,גברים,46343,957.0,1032.0,976.0,948.0,977,989.0,907.0,963,947.0,960.0,929,909.0,955.0,893,882,861,907,855,883,881.0,871.0,899.0,854.0,855.0,827,825.0,812,747,645.0,613,577,584,544,529,461,507.0,511,510,515,564,538,585,598,585,571,548,521,554,547,504,542,517,451,411,445,369,348,304,273,261,263,278,279,267,301,287,270,231,228,246,187,202,187,191,175.0,167,174,157,127,118,91,73,107,52,48,46,65,30,34,32,97
22,,,,נשים,46341,966.0,969.0,963.0,925.0,927,960.0,836.0,864,896.0,857.0,858,901.0,846.0,832,906,855,895,834,830,840.0,910.0,868.0,758.0,803.0,779,830.0,787,658,570.0,573,515,559,535,493,549,585.0,557,545,496,563,558,615,575,592,558,567,578,539,522,539,512,501,418,453,463,411,384,301,282,298,282,302,273,298,332,288,306,257,277,247,256,268,235,231,193.0,224,215,218,177,189,132,128,87,70,67,74,66,82,50,54,104
23,,,כנרת,"סה""כ",93880,1846.0,1928.0,1809.0,1857.0,1931,1853.0,1911.0,2059,1922.0,1960.0,1895,1868.0,1954.0,1780,1868,1837,1895,1935,1993,1876.0,1831.0,1757.0,1647.0,1715.0,1675,1652.0,1614,1351,1341.0,1263,1155,1217,1174,1168,1130,1102.0,1231,1186,1090,1129,1176,1227,1183,1156,1144,1047,1173,1114,1055,1071,1075,1014,838,863,914,791,654,555,566,498,513,527,476,548,519,477,482,467,403,401,372,473,323,343,292.0,300,297,263,275,240,197,207,129,118,86,84,84,93,89,91,192
24,,,,גברים,47167,967.0,980.0,971.0,960.0,970,941.0,996.0,1001,998.0,1001.0,976,951.0,1046.0,905,954,964,944,983,1027,963.0,921.0,928.0,839.0,844.0,877,836.0,830,721,727.0,643,580,630,599,548,556,561.0,577,596,554,551,568,601,592,594,555,535,580,557,530,538,564,497,385,426,455,405,320,264,297,259,262,247,230,268,264,204,214,212,186,173,165,220,135,135,152.0,129,139,117,108,109,87,85,51,47,32,38,32,47,31,37,73
25,,,,נשים,46713,879.0,948.0,838.0,897.0,961,912.0,915.0,1058,924.0,959.0,919,917.0,908.0,875,914,873,951,952,966,913.0,910.0,829.0,808.0,871.0,798,816.0,784,630,614.0,620,575,587,575,620,574,541.0,654,590,536,578,608,626,591,562,589,512,593,557,525,533,511,517,453,437,459,386,334,291,269,239,251,280,246,280,255,273,268,255,217,228,207,253,188,208,140.0,171,158,146,167,131,110,122,78,71,54,46,52,46,58,54,119
26,,,יזרעאל,"סה""כ",397406,9364.0,9486.0,9201.0,9362.0,8865,8773.0,9043.0,8557,8548.0,8367.0,8402,8200.0,8072.0,8041,7882,7533,7371,7345,7551,6873.0,6605.0,6689.0,6729.0,6967.0,6789,6908.0,6552,6229,5987.0,5800,5718,5594,5389,5292,5147,5079.0,5198,5019,5045,4950,4701,4799,4604,4623,4416,4324,4322,4191,4111,3950,3820,3865,3035,3392,3384,3221,2702,2367,2056,2052,2126,2287,1978,2335,2202,2099,2001,1705,1666,1599,1456,1706,1330,1546,1275.0,1421,1164,1275,1159,924,807,796,554,553,353,353,375,378,417,263,846
27,,,,גברים,198483,4826.0,4932.0,4741.0,4790.0,4540,4567.0,4597.0,4427,4393.0,4293.0,4278,4224.0,4135.0,4163,3979,3920,3726,3686,3825,3534.0,3399.0,3381.0,3470.0,3414.0,3343,3527.0,3344,3205,3040.0,2961,2947,2725,2650,2603,2589,2568.0,2615,2521,2480,2419,2312,2305,2266,2288,2240,2059,2128,2134,2003,1937,1888,1930,1465,1657,1672,1605,1344,1192,1005,1039,1079,1122,947,1123,994,998,902,747,709,727,670,747,605,620,577.0,575,500,507,421,346,315,331,240,204,160,154,144,143,168,102,360
28,,,,נשים,198923,4538.0,4554.0,4460.0,4572.0,4325,4206.0,4446.0,4130,4155.0,4074.0,4124,3976.0,3937.0,3878,3903,3613,3645,3659,3726,3339.0,3206.0,3308.0,3259.0,3553.0,3446,3381.0,3208,3024,2947.0,2839,2771,2869,2739,2689,2558,2511.0,2583,2498,2565,2531,2389,2494,2338,2335,2176,2265,2194,2057,2108,2013,1932,1935,1570,1735,1712,1616,1358,1175,1051,1013,1047,1165,1031,1212,1208,1101,1099,958,957,872,786,959,725,926,698.0,846,664,768,738,578,492,465,314,349,193,199,231,235,249,161,486
29,,,עכו,"סה""כ",486162,11887.0,11858.0,11425.0,11593.0,10917,10716.0,11309.0,10626,10892.0,10520.0,10627,10311.0,10029.0,9853,9432,9230,9256,9182,9196,8509.0,8163.0,8195.0,8429.0,8306.0,8404,8501.0,8380,8210,7900.0,7614,7169,7190,7078,6731,6484,6514.0,6486,6443,6144,6088,5880,5986,5764,5513,5280,5037,5152,4906,4882,4746,4646,4392,3378,3649,3568,3585,3003,2725,2396,2317,2345,2662,2244,2718,2313,2441,2172,1897,1866,1833,1443,1974,1489,1879,1460.0,1439,1378,1296,1461,1093,803,827,595,706,358,423,426,420,443,299,857
30,,,,גברים,244110,6123.0,6056.0,5908.0,5952.0,5522,5562.0,5695.0,5586,5624.0,5515.0,5476,5212.0,5132.0,5126,4705,4648,4876,4724,4719,4365.0,4247.0,4181.0,4224.0,4177.0,4190,4265.0,4235,4144,3972.0,3884,3635,3681,3549,3386,3240,3299.0,3296,3158,3048,3024,2884,2968,2820,2751,2608,2519,2525,2520,2419,2436,2345,2182,1724,1842,1771,1782,1519,1381,1174,1114,1191,1303,1080,1266,1083,1122,968,892,867,817,690,859,658,730,691.0,621,560,532,477,472,352,343,264,239,156,203,172,179,167,116,395
31,,,,נשים,242052,5764.0,5802.0,5517.0,5641.0,5395,5154.0,5614.0,5040,5268.0,5005.0,5151,5099.0,4897.0,4727,4727,4582,4380,4458,4477,4144.0,3916.0,4014.0,4205.0,4129.0,4214,4236.0,4145,4066,3928.0,3730,3534,3509,3529,3345,3244,3215.0,3190,3285,3096,3064,2996,3018,2944,2762,2672,2518,2627,2386,2463,2310,2301,2210,1654,1807,1797,1803,1484,1344,1222,1203,1154,1359,1164,1452,1230,1319,1204,1005,999,1016,753,1115,831,1149,769.0,818,818,764,984,621,451,484,331,467,202,220,254,241,276,183,462
32,,,גולן,"סה""כ",35385,789.0,806.0,747.0,760.0,714,791.0,803.0,749,723.0,728.0,754,736.0,712.0,679,739,762,769,763,731,757.0,735.0,720.0,739.0,685.0,745,741.0,699,616,655.0,597,625,548,498,487,481,416.0,447,464,423,415,359,490,410,465,416,339,399,417,396,369,374,393,355,306,326,234,185,154,132,138,118,115,119,106,158,86,87,84,86,99,87,74,87,61,69.0,56,60,43,44,41,35,46,34,30,33,18,4,22,12,19,47
33,,,,גברים,18105,418.0,440.0,376.0,400.0,365,401.0,392.0,392,354.0,375.0,379,387.0,356.0,337,413,413,413,400,380,407.0,376.0,384.0,386.0,352.0,344,369.0,347,315,335.0,330,307,282,246,243,240,210.0,233,219,209,211,195,240,194,236,191,153,215,201,209,191,197,184,191,181,152,126,110,85,84,70,43,53,65,51,75,46,37,44,48,39,49,37,43,31,24.0,22,34,22,22,19,20,21,23,17,16,11,4,9,..,8,28
34,,,,נשים,17280,371.0,366.0,371.0,360.0,349,390.0,411.0,357,369.0,353.0,375,349.0,356.0,342,326,349,356,363,351,350.0,359.0,336.0,353.0,333.0,401,372.0,352,301,320.0,267,318,266,252,244,241,206.0,214,245,214,204,164,250,216,229,225,186,184,216,187,178,177,209,164,125,174,108,75,69,48,68,75,62,54,55,83,40,50,40,38,60,38,37,44,30,45.0,34,26,21,22,22,15,25,11,13,17,7,0,13,9,11,19
35,,מחוז חיפה,סך הכל,"סה""כ",830246,14151.0,14797.0,14480.0,14034.0,13968,13579.0,13543.0,13237,13366.0,13366.0,13151,13442.0,13412.0,13689,13673,14120,14198,14486,14577,14187.0,13748.0,13650.0,13460.0,13497.0,13657,13728.0,13229,12787,12195.0,12241,11838,11739,10887,10497,10017,10064.0,9913,9965,9946,9877,9819,10167,10106,10093,9889,10009,10195,9954,10018,10353,10098,10149,9555,9689,10421,9567,7354,5968,5101,5169,5739,6008,6125,6677,6806,6529,5839,5465,5174,5517,4970,5529,5205,5249,4912.0,5086,4956,4915,4558,4152,3231,3301,2560,1984,1443,1509,1431,1637,1301,1258,3115
36,,,,גברים,406398,7297.0,7563.0,7415.0,7206.0,7245,6962.0,6972.0,6755,6900.0,6846.0,6764,6966.0,6833.0,6962,6931,7303,7224,7466,7560,7444.0,7187.0,7250.0,6989.0,6974.0,6996,7063.0,6722,6556,6252.0,6203,5981,5812,5459,5232,5024,4968.0,4878,4902,4745,4721,4674,4809,4799,4861,4766,4799,4905,4728,4664,4804,4787,4857,4540,4673,5022,4557,3464,2822,2359,2366,2727,2657,2719,3020,3021,2948,2598,2475,2326,2405,2158,2391,2141,2208,2108.0,2084,1973,1880,1860,1724,1386,1460,1075,859,589,576,504,620,501,415,1206
37,,,,נשים,423848,6854.0,7234.0,7065.0,6828.0,6723,6617.0,6571.0,6482,6466.0,6520.0,6387,6476.0,6579.0,6727,6742,6817,6974,7020,7017,6743.0,6561.0,6400.0,6471.0,6523.0,6661,6665.0,6507,6231,5943.0,6038,5857,5927,5428,5265,4993,5096.0,5035,5063,5201,5156,5145,5358,5307,5232,5123,5210,5290,5226,5354,5549,5311,5292,5015,5016,5399,5010,3890,3146,2742,2803,3012,3351,3406,3657,3785,3581,3241,2990,2848,3112,2812,3138,3064,3041,2804.0,3002,2983,3035,2698,2428,1845,1841,1485,1125,854,933,927,1017,800,843,1909
38,,,חיפה,"סה""כ",528125,7192.0,7085.0,7071.0,6948.0,7153,7058.0,7046.0,6975,7021.0,7116.0,7170,7429.0,7719.0,7838,7904,8104,8400,8364,8831,8819.0,8660.0,8745.0,8502.0,8635.0,8779,8791.0,8526,8229,7729.0,7859,7559,7419,6730,6379,6096,6115.0,5881,5900,5987,6020,5995,6315,6369,6487,6376,6597,6755,6744,6718,7176,6995,7267,7092,7163,7760,7043,5270,4164,3551,3585,4148,4374,4494,5105,5139,4896,4458,4148,3976,4335,3784,4316,4037,4147,3890.0,4092,4006,3890,3690,3427,2690,2693,2094,1628,1171,1229,1182,1295,1069,1040,2476
39,,,,גברים,255249,3764.0,3631.0,3607.0,3628.0,3697,3606.0,3707.0,3537,3609.0,3624.0,3659,3841.0,3975.0,4010,4073,4185,4289,4326,4568,4616.0,4535.0,4697.0,4467.0,4441.0,4562,4591.0,4360,4152,4020.0,3984,3869,3653,3326,3168,3035,3035.0,2892,2843,2834,2830,2842,2891,2992,3063,3004,3065,3144,3126,3084,3249,3281,3386,3287,3430,3723,3295,2432,1955,1623,1588,1943,1874,1930,2265,2262,2171,1947,1881,1763,1859,1620,1856,1697,1701,1666.0,1669,1583,1496,1507,1411,1154,1175,894,697,466,462,429,494,405,328,938
40,,,,נשים,272876,3428.0,3454.0,3464.0,3320.0,3456,3452.0,3339.0,3438,3412.0,3492.0,3511,3588.0,3744.0,3828,3831,3919,4111,4038,4263,4203.0,4125.0,4048.0,4035.0,4194.0,4217,4200.0,4166,4077,3709.0,3875,3690,3766,3404,3211,3061,3080.0,2989,3057,3153,3190,3153,3424,3377,3424,3372,3532,3611,3618,3634,3927,3714,3881,3805,3733,4037,3748,2838,2209,1928,1997,2205,2500,2564,2840,2877,2725,2511,2267,2213,2476,2164,2460,2340,2446,2224.0,2423,2423,2394,2183,2016,1536,1518,1200,931,705,767,753,801,664,712,1538
41,,,חדרה,"סה""כ",302121,6959.0,7712.0,7409.0,7086.0,6815,6521.0,6497.0,6262,6345.0,6250.0,5981,6013.0,5693.0,5851,5769,6016,5798,6122,5746,5368.0,5088.0,4905.0,4958.0,4862.0,4878,4937.0,4703,4558,4466.0,4382,4279,4320,4157,4118,3921,3949.0,4032,4065,3959,3857,3824,3852,3737,3606,3513,3412,3440,3210,3300,3177,3103,2882,2463,2526,2661,2524,2084,1804,1550,1584,1591,1634,1631,1572,1667,1633,1381,1317,1198,1182,1186,1213,1168,1102,1022.0,994,950,1025,868,725,541,608,466,356,272,280,249,342,232,218,639
42,,,,גברים,151149,3533.0,3932.0,3808.0,3578.0,3548,3356.0,3265.0,3218,3291.0,3222.0,3105,3125.0,2858.0,2952,2858,3118,2935,3140,2992,2828.0,2652.0,2553.0,2522.0,2533.0,2434,2472.0,2362,2404,2232.0,2219,2112,2159,2133,2064,1989,1933.0,1986,2059,1911,1891,1832,1918,1807,1798,1762,1734,1761,1602,1580,1555,1506,1471,1253,1243,1299,1262,1032,867,736,778,784,783,789,755,759,777,651,594,563,546,538,535,444,507,442.0,415,390,384,353,313,232,285,181,162,123,114,75,126,96,87,268
43,,,,נשים,150972,3426.0,3780.0,3601.0,3508.0,3267,3165.0,3232.0,3044,3054.0,3028.0,2876,2888.0,2835.0,2899,2911,2898,2863,2982,2754,2540.0,2436.0,2352.0,2436.0,2329.0,2444,2465.0,2341,2154,2234.0,2163,2167,2161,2024,2054,1932,2016.0,2046,2006,2048,1966,1992,1934,1930,1808,1751,1678,1679,1608,1720,1622,1597,1411,1210,1283,1362,1262,1052,937,814,806,807,851,842,817,908,856,730,723,635,636,648,678,724,595,580.0,579,560,641,515,412,309,323,285,194,149,166,174,216,136,131,371
44,,מחוז מרכז,סך הכל,"סה""כ",1502086,28327.0,28951.0,28667.0,28668.0,27742,27479.0,26666.0,26138,25868.0,26074.0,24949,25047.0,25489.0,25898,25797,26505,26877,26425,26024,24643.0,23946.0,23940.0,23449.0,23282.0,24059,24469.0,24299,22994,22378.0,22161,22423,21865,20858,20484,19413,19635.0,19510,19601,18816,18673,18808,19628,19046,18996,18918,19208,19546,18972,19572,20296,19973,19700,17891,17697,18824,16622,13039,10773,9116,8986,9146,9460,9391,9797,9941,8979,8562,8056,7500,7611,6937,7540,7103,6849,6395.0,6606,6693,6614,5805,5567,4553,4674,3649,2930,2306,2160,2353,2484,1844,1605,4876
45,,,,גברים,742046,14733.0,14888.0,14688.0,14783.0,14209,14213.0,13605.0,13342,13188.0,13349.0,12787,12671.0,13129.0,13389,13597,13721,14184,13604,13451,12599.0,12240.0,12188.0,11837.0,11628.0,12050,12296.0,12252,11559,11081.0,11025,11039,10658,10148,9922,9333,9588.0,9542,9724,9214,9202,9095,9627,9247,9145,9116,9207,9521,9007,9601,9875,9695,9609,8783,8700,9423,8253,6608,5425,4532,4392,4422,4571,4627,4723,4725,4190,3961,3697,3471,3426,3157,3379,3045,2937,2674.0,2684,2614,2526,2321,2292,1950,1951,1460,1157,953,765,882,878,716,590,1785
46,,,,נשים,760040,13594.0,14063.0,13979.0,13885.0,13533,13266.0,13061.0,12796,12680.0,12725.0,12162,12376.0,12360.0,12509,12200,12784,12693,12821,12573,12044.0,11706.0,11752.0,11612.0,11654.0,12009,12173.0,12047,11435,11297.0,11136,11384,11207,10710,10562,10080,10047.0,9968,9877,9602,9471,9713,10001,9799,9851,9802,10001,10025,9965,9971,10421,10278,10091,9108,8997,9401,8369,6431,5348,4584,4594,4724,4889,4764,5074,5216,4789,4601,4359,4029,4185,3780,4161,4058,3912,3721.0,3922,4079,4088,3484,3275,2603,2723,2189,1773,1353,1395,1471,1606,1128,1015,3091
47,,,השרון,"סה""כ",331233,6509.0,6753.0,6577.0,6751.0,6406,6428.0,6168.0,6092,5993.0,5941.0,5816,5794.0,5743.0,5815,5875,5996,6139,6058,5799,5284.0,5144.0,5164.0,5119.0,5085.0,5170,5125.0,5128,4916,4807.0,4705,4791,4661,4389,4398,4130,4231.0,4235,4394,4139,4103,4248,4311,4062,4026,3977,3977,3991,3997,3900,4048,3916,3833,3367,3493,3752,3250,2692,2240,2011,1994,2094,2109,2038,2141,2221,2010,1906,1854,1784,1897,1672,1760,1777,1638,1623.0,1530,1599,1616,1451,1372,1103,1136,876,749,617,518,582,661,438,378,1227
48,,,,גברים,164533,3361.0,3560.0,3361.0,3443.0,3341,3392.0,3138.0,3117,3142.0,3064.0,3008,2886.0,3015.0,3045,3116,3280,3311,3260,3056,2726.0,2685.0,2633.0,2513.0,2570.0,2612,2533.0,2695,2544,2400.0,2390,2325,2281,2143,2149,1962,2062.0,2085,2200,2016,2095,2074,2100,1954,1964,1964,1927,1943,1921,1880,1975,1943,1879,1653,1718,1828,1579,1321,1127,975,938,998,977,1008,1048,1030,926,844,850,795,850,736,818,728,689,694.0,611,638,629,566,586,464,459,373,326,271,187,219,247,176,145,467
49,,,,נשים,166700,3148.0,3193.0,3216.0,3308.0,3065,3036.0,3030.0,2975,2851.0,2877.0,2808,2908.0,2728.0,2770,2759,2716,2828,2798,2743,2558.0,2459.0,2531.0,2606.0,2515.0,2558,2592.0,2433,2372,2407.0,2315,2466,2380,2246,2249,2168,2169.0,2150,2194,2123,2008,2174,2211,2108,2062,2013,2050,2048,2076,2020,2073,1973,1954,1714,1775,1924,1671,1371,1113,1036,1056,1096,1132,1030,1093,1191,1084,1062,1004,989,1047,936,942,1049,949,929.0,919,961,987,885,786,639,677,503,423,346,331,363,414,262,233,760
50,,,פתח תקווה,"סה""כ",508865,9447.0,9541.0,9501.0,9380.0,9180,8929.0,8628.0,8562,8343.0,8565.0,8011,8141.0,8256.0,8403,8304,8767,8627,8649,8511,8226.0,8011.0,8146.0,7935.0,7992.0,8220,8528.0,8445,7872,7562.0,7405,7568,7364,7070,6801,6498,6622.0,6684,6533,6346,6179,6113,6437,6316,6271,6303,6562,6564,6465,6973,7324,7153,7050,6622,6552,6935,6065,4780,4015,3503,3224,3160,3306,3280,3381,3453,3179,2984,2886,2588,2531,2325,2575,2404,2314,2085.0,2333,2334,2340,1989,1990,1584,1772,1341,1072,834,825,871,913,698,627,1912
51,,,,גברים,249772,4929.0,4858.0,4939.0,4810.0,4670,4671.0,4401.0,4378,4183.0,4367.0,4075,4122.0,4286.0,4369,4388,4407,4512,4452,4275,4096.0,4042.0,4061.0,3917.0,3920.0,4093,4239.0,4284,3993,3697.0,3655,3735,3521,3451,3298,3117,3231.0,3239,3247,3154,2985,2976,3162,3056,3010,2922,3118,3169,2994,3389,3489,3422,3407,3223,3197,3545,3006,2442,1990,1738,1589,1527,1646,1633,1621,1680,1514,1417,1310,1158,1174,1052,1125,1029,997,856.0,955,943,872,811,804,682,743,522,407,326,271,340,301,270,235,640
52,,,,נשים,259093,4518.0,4683.0,4562.0,4570.0,4510,4258.0,4227.0,4184,4160.0,4198.0,3936,4019.0,3970.0,4034,3916,4360,4115,4197,4236,4130.0,3969.0,4085.0,4018.0,4072.0,4127,4289.0,4161,3879,3865.0,3750,3833,3843,3619,3503,3381,3391.0,3445,3286,3192,3194,3137,3275,3260,3261,3381,3444,3395,3471,3584,3835,3731,3643,3399,3355,3390,3059,2338,2025,1765,1635,1633,1660,1647,1760,1773,1665,1567,1576,1430,1357,1273,1450,1375,1317,1229.0,1378,1391,1468,1178,1186,902,1029,819,665,508,554,531,612,428,392,1272
53,,,רמלה,"סה""כ",233033,5440.0,5575.0,5364.0,5515.0,5138,5147.0,5001.0,4745,4581.0,4660.0,4356,4278.0,4376.0,4380,4161,4149,4405,4022,4031,3695.0,3557.0,3444.0,3491.0,3335.0,3462,3523.0,3569,3536,3531.0,3721,3658,3794,3717,3675,3489,3440.0,3306,3412,3226,3341,3163,3338,3183,3126,3013,2876,2979,2732,2683,2675,2585,2439,2154,2006,2087,1805,1480,1225,1017,1147,1142,1209,1234,1301,1305,1117,1072,1038,948,957,892,956,894,860,787.0,728,728,745,577,548,470,471,332,252,204,201,202,205,169,121,409
54,,,,גברים,117427,2823.0,2834.0,2772.0,2889.0,2605,2580.0,2570.0,2400,2329.0,2392.0,2192,2250.0,2251.0,2285,2258,2203,2374,2102,2128,1907.0,1867.0,1800.0,1802.0,1691.0,1710,1789.0,1748,1682,1722.0,1820,1738,1839,1841,1824,1731,1704.0,1684,1716,1622,1690,1577,1712,1614,1612,1562,1461,1562,1359,1399,1385,1339,1277,1085,987,1023,911,786,630,509,570,569,553,618,634,602,523,523,443,452,430,410,421,407,361,341.0,298,284,310,248,243,196,208,129,88,83,85,70,80,71,45,178
55,,,,נשים,115606,2617.0,2741.0,2592.0,2626.0,2533,2567.0,2431.0,2345,2252.0,2268.0,2164,2028.0,2125.0,2095,1903,1946,2031,1920,1903,1788.0,1690.0,1644.0,1689.0,1644.0,1752,1734.0,1821,1854,1809.0,1901,1920,1955,1876,1851,1758,1736.0,1622,1696,1604,1651,1586,1626,1569,1514,1451,1415,1417,1373,1284,1290,1246,1162,1069,1019,1064,894,694,595,508,577,573,656,616,667,703,594,549,595,496,527,482,535,487,499,446.0,430,444,435,329,305,274,263,203,164,121,116,132,125,98,76,231
56,,,רחובות,"סה""כ",428955,6931.0,7082.0,7225.0,7022.0,7018,6975.0,6869.0,6739,6951.0,6908.0,6766,6834.0,7114.0,7300,7457,7593,7706,7696,7683,7438.0,7234.0,7186.0,6904.0,6870.0,7207,7293.0,7157,6670,6478.0,6330,6406,6046,5682,5610,5296,5342.0,5285,5262,5105,5050,5284,5542,5485,5573,5625,5793,6012,5778,6016,6249,6319,6378,5748,5646,6050,5502,4087,3293,2585,2621,2750,2836,2839,2974,2962,2673,2600,2278,2180,2226,2048,2249,2028,2037,1900.0,2015,2032,1913,1788,1657,1396,1295,1100,857,651,616,698,705,539,479,1328
57,,,,גברים,210314,3620.0,3636.0,3616.0,3641.0,3593,3570.0,3496.0,3447,3534.0,3526.0,3512,3413.0,3577.0,3690,3835,3831,3987,3790,3992,3870.0,3646.0,3694.0,3605.0,3447.0,3635,3735.0,3525,3340,3262.0,3160,3241,3017,2713,2651,2523,2591.0,2534,2561,2422,2432,2468,2653,2623,2559,2668,2701,2847,2733,2933,3026,2991,3046,2822,2798,3027,2757,2059,1678,1310,1295,1328,1395,1368,1420,1413,1227,1177,1094,1066,972,959,1015,881,890,783.0,820,749,715,696,659,608,541,436,336,273,222,253,250,199,165,500
58,,,,נשים,218641,3311.0,3446.0,3609.0,3381.0,3425,3405.0,3373.0,3292,3417.0,3382.0,3254,3421.0,3537.0,3610,3622,3762,3719,3906,3691,3568.0,3588.0,3492.0,3299.0,3423.0,3572,3558.0,3632,3330,3216.0,3170,3165,3029,2969,2959,2773,2751.0,2751,2701,2683,2618,2816,2889,2862,3014,2957,3092,3165,3045,3083,3223,3328,3332,2926,2848,3023,2745,2028,1615,1275,1326,1422,1441,1471,1554,1549,1446,1423,1184,1114,1254,1089,1234,1147,1147,1117.0,1195,1283,1198,1092,998,788,754,664,521,378,394,445,455,340,314,828
59,,מחוז תל אביב,סך הכל,"סה""כ",1160749,18422.0,18283.0,17500.0,17194.0,16855,16373.0,15563.0,15700,15224.0,15695.0,15139,15464.0,15462.0,15850,16270,16524,16240,16506,16803,17082.0,17147.0,17380.0,17492.0,18060.0,19058,20904.0,21410,21632,21655.0,21101,21354,19789,17260,16084,14347,14223.0,13678,13259,12546,12436,12590,13019,12807,12701,12796,13286,13613,13609,14154,14841,15036,15062,13922,14158,15569,14446,11748,10172,8981,8276,8444,9125,9428,9902,10001,9955,9565,9053,8963,9701,8609,9468,8454,8650,8230.0,8487,8313,8145,7731,7444,6089,6432,4586,3790,2800,2755,2934,3010,2414,2409,6112
60,,,,גברים,558175,9395.0,9523.0,9168.0,8743.0,8681,8344.0,7978.0,7975,7809.0,7942.0,7790,8013.0,7810.0,8088,8248,8374,7953,8414,8414,8377.0,8604.0,8694.0,8723.0,9018.0,9475,10474.0,10650,10699,10831.0,10606,10767,10187,8930,8140,7264,7066.0,6861,6544,6202,6006,6081,6226,6032,6060,5962,6171,6311,6417,6588,6844,6997,6921,6503,6450,7190,6558,5388,4719,4189,3697,3834,4100,4176,4356,4447,4381,4278,3935,3863,4032,3851,4016,3564,3600,3424.0,3404,3215,3213,3106,3158,2830,2959,1974,1582,1213,1065,1155,1092,896,920,2452
61,,,,נשים,602574,9027.0,8760.0,8332.0,8451.0,8174,8029.0,7585.0,7725,7415.0,7753.0,7349,7451.0,7652.0,7762,8022,8150,8287,8092,8389,8705.0,8543.0,8686.0,8769.0,9042.0,9583,10430.0,10760,10933,10824.0,10495,10587,9602,8330,7944,7083,7157.0,6817,6715,6344,6430,6509,6793,6775,6641,6834,7115,7302,7192,7566,7997,8039,8141,7419,7708,8379,7888,6360,5453,4792,4579,4610,5025,5252,5546,5554,5574,5287,5118,5100,5669,4758,5452,4890,5050,4806.0,5083,5098,4932,4625,4286,3259,3473,2612,2208,1587,1690,1779,1918,1518,1489,3660
62,,מחוז דרום,סך הכל,"סה""כ",924557,21551.0,21219.0,20761.0,21069.0,20135,19796.0,19229.0,18816,18490.0,18229.0,17377,17086.0,16646.0,16679,16057,16174,15736,15812,16315,16061.0,15867.0,15839.0,15997.0,15686.0,15575,15806.0,15444,14205,13534.0,12746,12784,12266,11521,11319,10667,10788.0,10868,10597,10699,10868,10964,11597,10928,10781,10482,10781,10474,10325,9895,10001,9574,9639,8830,9006,9501,8531,6759,5601,4708,5284,5808,6144,6486,6561,7050,6091,5662,5008,4878,5089,4565,5235,4476,4525,4219.0,3999,3912,3703,3214,2925,2410,2142,1704,1349,977,975,1041,1043,799,696,1896
63,,,,גברים,457522,10940.0,10852.0,10595.0,10746.0,10365,10171.0,9927.0,9599,9632.0,9377.0,8940,8849.0,8473.0,8476,8101,8249,7935,8105,8338,8183.0,8005.0,7863.0,8164.0,7993.0,7889,7979.0,7925,7456,6844.0,6527,6540,6196,5724,5686,5325,5386.0,5338,5329,5303,5222,5425,5709,5423,5139,5114,5258,5077,5103,4796,4922,4648,4684,4150,4320,4443,4029,3259,2708,2300,2512,2638,2869,2977,2921,3197,2824,2588,2300,2186,2286,2074,2399,1988,1966,1805.0,1690,1623,1422,1294,1151,1022,802,653,544,410,391,390,362,284,222,678
64,,,,נשים,467035,10611.0,10367.0,10166.0,10323.0,9770,9625.0,9302.0,9217,8858.0,8852.0,8437,8237.0,8173.0,8203,7956,7925,7801,7707,7977,7878.0,7862.0,7976.0,7833.0,7693.0,7686,7827.0,7519,6749,6690.0,6219,6244,6070,5797,5633,5342,5402.0,5530,5268,5396,5646,5539,5888,5505,5642,5368,5523,5397,5222,5099,5079,4926,4955,4680,4686,5058,4502,3500,2893,2408,2772,3170,3275,3509,3640,3853,3267,3074,2708,2692,2803,2491,2836,2488,2559,2414.0,2309,2289,2281,1920,1774,1388,1340,1051,805,567,584,651,681,515,474,1218
65,,,אשקלון,"סה""כ",417255,8025.0,8092.0,7930.0,8106.0,7946,7704.0,7732.0,7596,7507.0,7684.0,7292,7142.0,7033.0,7164,6921,7169,6985,7060,7111,6972.0,6879.0,6611.0,6628.0,6497.0,6421,6521.0,6653,6136,6007.0,5534,5509,5469,5165,5252,4897,5046.0,5187,5108,5371,5177,5403,5704,5494,5385,5142,5353,5228,5193,4855,4967,4754,4627,4508,4473,4781,4203,3282,2695,2183,2555,3002,3143,3374,3443,3741,3214,2982,2664,2542,2696,2470,2866,2430,2429,2275.0,2187,2172,2001,1754,1564,1352,1207,902,722,542,520,589,584,430,377,1057
66,,,,גברים,205546,4009.0,4126.0,4091.0,4039.0,4089,3938.0,4033.0,3828,3944.0,3988.0,3762,3732.0,3553.0,3621,3475,3688,3488,3689,3720,3600.0,3545.0,3392.0,3465.0,3295.0,3236,3286.0,3427,3162,2991.0,2859,2790,2759,2486,2615,2411,2421.0,2531,2608,2670,2472,2711,2766,2694,2555,2484,2612,2551,2595,2409,2467,2290,2283,2121,2166,2275,2002,1594,1270,1025,1204,1356,1464,1555,1508,1709,1508,1346,1192,1132,1208,1103,1305,1099,1067,1012.0,922,857,786,691,635,578,452,360,287,234,205,239,201,153,125,349
67,,,,נשים,211709,4016.0,3966.0,3839.0,4067.0,3857,3766.0,3699.0,3768,3563.0,3696.0,3530,3410.0,3480.0,3543,3446,3481,3497,3371,3391,3372.0,3334.0,3219.0,3163.0,3202.0,3185,3235.0,3226,2974,3016.0,2675,2719,2710,2679,2637,2486,2625.0,2656,2500,2701,2705,2692,2938,2800,2830,2658,2741,2677,2598,2446,2500,2464,2344,2387,2307,2506,2201,1688,1425,1158,1351,1646,1679,1819,1935,2032,1706,1636,1472,1410,1488,1367,1561,1331,1362,1263.0,1265,1315,1215,1063,929,774,755,542,435,308,315,350,383,277,252,708
68,,,באר שבע,"סה""כ",507302,13526.0,13127.0,12831.0,12963.0,12189,12092.0,11497.0,11220,10983.0,10545.0,10085,9944.0,9613.0,9515,9136,9005,8751,8752,9204,9089.0,8988.0,9228.0,9369.0,9189.0,9154,9285.0,8791,8069,7527.0,7212,7275,6797,6356,6067,5770,5742.0,5681,5489,5328,5691,5561,5893,5434,5396,5340,5428,5246,5132,5040,5034,4820,5012,4322,4533,4720,4328,3477,2906,2525,2729,2806,3001,3112,3118,3309,2877,2680,2344,2336,2393,2095,2369,2046,2096,1944.0,1812,1740,1702,1460,1361,1058,935,802,627,435,455,452,459,369,319,839
69,,,,גברים,251976,6931.0,6726.0,6504.0,6707.0,6276,6233.0,5894.0,5771,5688.0,5389.0,5178,5117.0,4920.0,4855,4626,4561,4447,4416,4618,4583.0,4460.0,4471.0,4699.0,4698.0,4653,4693.0,4498,4294,3853.0,3668,3750,3437,3238,3071,2914,2965.0,2807,2721,2633,2750,2714,2943,2729,2584,2630,2646,2526,2508,2387,2455,2358,2401,2029,2154,2168,2027,1665,1438,1275,1308,1282,1405,1422,1413,1488,1316,1242,1108,1054,1078,971,1094,889,899,793.0,768,766,636,603,516,444,350,293,257,176,186,151,161,131,97,329
70,,,,נשים,255326,6595.0,6401.0,6327.0,6256.0,5913,5859.0,5603.0,5449,5295.0,5156.0,4907,4827.0,4693.0,4660,4510,4444,4304,4336,4586,4506.0,4528.0,4757.0,4670.0,4491.0,4501,4592.0,4293,3775,3674.0,3544,3525,3360,3118,2996,2856,2777.0,2874,2768,2695,2941,2847,2950,2705,2812,2710,2782,2720,2624,2653,2579,2462,2611,2293,2379,2552,2301,1812,1468,1250,1421,1524,1596,1690,1705,1821,1561,1438,1236,1282,1315,1124,1275,1157,1197,1151.0,1044,974,1066,857,845,614,585,509,370,259,269,301,298,238,222,510
71,,אזור יהודה ושומרון,סך הכל,"סה""כ",208302,7058.0,7107.0,6810.0,6621.0,6451,5831.0,5567.0,5485,5230.0,4980.0,4837,4696.0,4433.0,4236,3960,3852,3641,3564,3944,3697.0,3651.0,3707.0,3738.0,3793.0,3762,3920.0,3851,3488,3291.0,2998,3078,2947,2805,2623,2549,2602.0,2585,2485,2516,2503,2566,2466,2502,2454,2369,2240,2248,2029,2066,1977,1895,1771,1556,1494,1512,1292,999,783,661,574,594,593,585,539,578,426,427,345,317,300,262,309,259,232,215.0,236,210,201,185,151,111,126,110,86,75,48,69,72,42,55,198
72,,,,גברים,106116,3634.0,3608.0,3521.0,3438.0,3358,2991.0,2851.0,2846,2676.0,2485.0,2469,2412.0,2221.0,2106,1914,1908,1837,1816,2220,1923.0,1819.0,1943.0,1889.0,1913.0,1907,1944.0,1936,1737,1670.0,1524,1515,1549,1415,1335,1260,1311.0,1275,1226,1257,1169,1309,1235,1251,1221,1236,1180,1125,1071,1094,1033,1013,975,805,770,777,728,522,435,359,330,309,321,298,298,300,217,220,201,169,133,119,171,126,107,93.0,96,88,94,61,45,49,49,50,33,28,15,33,19,5,11,61
73,,,,נשים,102186,3424.0,3499.0,3289.0,3183.0,3093,2840.0,2716.0,2639,2554.0,2495.0,2368,2284.0,2212.0,2130,2046,1944,1804,1748,1724,1774.0,1832.0,1764.0,1849.0,1880.0,1855,1976.0,1915,1751,1621.0,1474,1563,1398,1390,1288,1289,1291.0,1310,1259,1259,1334,1257,1231,1251,1233,1133,1060,1123,958,972,944,882,796,751,724,735,564,477,348,302,244,285,272,287,241,278,209,207,144,148,167,143,138,133,125,122.0,140,122,107,124,106,62,77,60,53,47,33,36,53,37,44,137
74,יהודים ואחרים,סך הכל,,"סה""כ",5281323,95777.0,96590.0,94369.0,94241.0,92177,90356.0,87959.0,87626,86866.0,87234.0,84887,85530.0,85838.0,87171,87262,89191,88615,88376,89664,87943.0,86140.0,85898.0,84457.0,84716.0,86092,89034.0,87972,83711,80818.0,78779,78796,76062,70542,68182,63949,64086.0,63316,62652,61467,61876,62795,65691,64732,64277,64180,64838,65983,65051,65712,67866,66939,66403,61313,61806,65956,59142,46468,38719,33297,32872,35143,36902,37735,39980,40895,37630,36001,33228,32041,33758,30262,33632,30342,30594,28876.0,29443,28764,27911,25471,24196,19718,19686,14874,11944,9116,8992,9416,9833,7768,7256,19659
75,,,,גברים,2586479,49102.0,49644.0,48447.0,48323.0,47439,46452.0,45111.0,44793,44564.0,44596.0,43483,43932.0,43968.0,44660,44733,45801,45408,45497,46111,44971.0,43903.0,43746.0,42749.0,42770.0,43298,44921.0,44488,42329,40537.0,39599,39409,38014,35005,33637,31445,31460.0,31067,30838,30052,29780,30312,31630,31156,30889,30958,31089,31616,31338,31502,32558,32303,31989,29386,29531,31697,28214,22396,18729,15994,15434,16412,17051,17381,18200,18639,17148,16393,15009,14337,14762,13606,14770,13068,12970,12223.0,12028,11435,10934,10174,9924,8620,8460,6185,4867,3799,3369,3534,3498,2894,2572,7414
76,,,,נשים,2694844,46675.0,46946.0,45922.0,45918.0,44738,43904.0,42848.0,42833,42302.0,42638.0,41404,41598.0,41870.0,42511,42529,43390,43207,42879,43553,42972.0,42237.0,42152.0,41708.0,41946.0,42794,44113.0,43484,41382,40281.0,39180,39387,38048,35537,34545,32504,32626.0,32249,31814,31415,32096,32483,34061,33576,33388,33222,33749,34367,33713,34210,35308,34636,34414,31927,32275,34259,30928,24072,19990,17303,17438,18731,19851,20354,21780,22256,20482,19608,18219,17704,18996,16656,18862,17274,17624,16653.0,17415,17329,16977,15297,14272,11098,11226,8689,7077,5317,5623,5882,6335,4874,4684,12245
77,,מחוז ירושלים,סך הכל,"סה""כ",554436,13640.0,13329.0,12839.0,12854.0,12462,12283.0,11754.0,11678,11560.0,11365.0,11092,11047.0,10936.0,10792,10766,10636,10390,10178,10345,10542.0,10054.0,9859.0,9731.0,9229.0,8960,8998.0,8682,8011,7897.0,7508,7242,7154,6663,6258,5991,5926.0,5745,5569,5362,5462,5633,5889,5672,5598,5668,5476,5692,5618,5634,5759,5683,5632,4965,5326,5494,5034,4298,3723,3337,3218,3346,3417,3390,3662,3417,3384,3267,3083,2959,3114,2763,3022,2663,2690,2477.0,2449,2397,2250,1992,2007,1703,1661,1198,1040,844,828,830,889,697,683,2176
78,,,,גברים,273841,6957.0,6871.0,6469.0,6605.0,6398,6293.0,6042.0,5940,5972.0,5802.0,5584,5707.0,5644.0,5551,5597,5539,5448,5389,5241,5520.0,5143.0,4899.0,4764.0,4751.0,4626,4761.0,4448,4064,3948.0,3686,3580,3508,3264,3070,2933,2867.0,2905,2695,2629,2622,2729,2848,2788,2738,2821,2654,2689,2717,2683,2745,2680,2705,2299,2441,2525,2309,2032,1728,1574,1477,1562,1582,1594,1653,1571,1570,1556,1393,1317,1415,1296,1327,1229,1165,1055.0,1024,976,951,807,813,771,721,500,421,363,313,320,331,265,250,816
79,,,,נשים,280595,6683.0,6458.0,6370.0,6249.0,6064,5990.0,5712.0,5738,5588.0,5563.0,5508,5340.0,5292.0,5241,5169,5097,4942,4789,5104,5022.0,4911.0,4960.0,4967.0,4478.0,4334,4237.0,4234,3947,3949.0,3822,3662,3646,3399,3188,3058,3059.0,2840,2874,2733,2840,2904,3041,2884,2860,2847,2822,3003,2901,2951,3014,3003,2927,2666,2885,2969,2725,2266,1995,1763,1741,1784,1835,1796,2009,1846,1814,1711,1690,1642,1699,1467,1695,1434,1525,1422.0,1425,1421,1299,1185,1194,932,940,698,619,481,515,510,558,432,433,1360
80,,מחוז צפון,סך הכל,"סה""כ",538020,9035.0,9348.0,9112.0,9335.0,9184,8991.0,8900.0,9092,9222.0,9226.0,9352,9326.0,9497.0,9574,9716,9796,10004,9815,10088,9748.0,9425.0,9252.0,8664.0,8904.0,8736,9005.0,8623,7775,7177.0,6891,6628,6681,6499,6406,6284,6208.0,6415,6408,6471,6713,6790,7343,7404,7365,7379,7120,7435,7316,7210,7247,7034,6920,6265,6354,6563,5600,4359,3614,3140,3110,3514,3640,3632,3992,4233,3543,3645,3222,3070,3226,2870,3264,2944,2886,2868.0,2919,2651,2663,2272,2149,1772,1585,1310,910,767,786,842,841,733,613,1564
81,,,,גברים,265817,4627.0,4826.0,4713.0,4748.0,4647,4724.0,4564.0,4730,4706.0,4798.0,4790,4790.0,4896.0,4952,4920,5025,5099,5071,5205,5075.0,4884.0,4847.0,4491.0,4475.0,4301,4454.0,4440,4023,3691.0,3566,3368,3349,3179,3089,3045,3056.0,3095,3113,3149,3248,3251,3478,3541,3577,3653,3406,3589,3697,3484,3571,3598,3419,3110,3109,3234,2755,2138,1846,1533,1521,1691,1718,1701,1821,1918,1622,1639,1477,1390,1444,1285,1440,1293,1237,1300.0,1210,1120,1066,865,844,703,626,559,355,299,295,287,280,258,203,592
82,,,,נשים,272203,4408.0,4522.0,4399.0,4587.0,4537,4267.0,4336.0,4362,4516.0,4428.0,4562,4536.0,4601.0,4622,4796,4771,4905,4744,4883,4673.0,4541.0,4405.0,4173.0,4429.0,4435,4551.0,4183,3752,3486.0,3325,3260,3332,3320,3317,3239,3152.0,3320,3295,3322,3465,3539,3865,3863,3788,3726,3714,3846,3619,3726,3676,3436,3501,3155,3245,3329,2845,2221,1768,1607,1589,1823,1922,1931,2171,2315,1921,2006,1745,1680,1782,1585,1824,1651,1649,1568.0,1709,1531,1597,1407,1305,1069,959,751,555,468,491,555,561,475,410,972
83,,,צפת,"סה""כ",83108,1680.0,1767.0,1677.0,1638.0,1660,1703.0,1503.0,1580,1619.0,1600.0,1593,1601.0,1616.0,1535,1582,1522,1627,1504,1508,1500.0,1547.0,1553.0,1378.0,1488.0,1393,1488.0,1393,1231,1054.0,1013,924,990,927,893,880,963.0,927,917,903,995,975,1101,1083,1075,1058,1029,1027,1034,998,983,974,975,818,817,859,728,685,559,522,508,514,527,531,527,605,531,547,464,470,469,411,442,400,387,351.0,380,380,364,283,301,217,192,191,121,110,122,127,109,80,84,191
84,,,,גברים,41405,837.0,910.0,860.0,837.0,854,862.0,786.0,821,847.0,851.0,830,807.0,866.0,790,777,760,811,745,772,768.0,747.0,777.0,733.0,760.0,702,738.0,709,646,557.0,508,489,504,467,450,402,448.0,444,446,447,492,474,539,554,529,537,509,487,526,511,473,502,499,425,386,421,341,324,278,256,241,249,250,266,252,289,267,257,221,216,237,163,191,175,177,167.0,161,170,152,119,113,88,69,106,50,45,46,61,28,30,31,90
85,,,,נשים,41703,843.0,857.0,817.0,801.0,806,841.0,717.0,759,772.0,749.0,763,794.0,750.0,745,805,762,816,759,736,732.0,800.0,776.0,645.0,728.0,691,750.0,684,585,497.0,505,435,486,460,443,478,515.0,483,471,456,503,501,562,529,546,521,520,540,508,487,510,472,476,393,431,438,387,361,281,266,267,265,277,265,275,316,264,290,243,254,232,248,251,225,210,184.0,219,210,212,164,188,129,123,85,71,65,76,66,81,50,53,101
86,,,כנרת,"סה""כ",66143,1164.0,1160.0,1144.0,1138.0,1202,1149.0,1197.0,1259,1228.0,1229.0,1221,1212.0,1264.0,1198,1206,1266,1322,1349,1409,1359.0,1307.0,1223.0,1124.0,1201.0,1185,1161.0,1143,931,864.0,792,696,785,771,755,736,715.0,832,791,749,782,851,916,916,878,889,812,909,886,838,891,869,794,736,700,771,623,525,440,426,372,401,413,368,449,435,373,410,393,339,349,339,376,294,284,266.0,263,260,233,222,229,175,171,125,84,78,72,71,84,71,84,171
87,,,,גברים,32995,610.0,589.0,616.0,591.0,600,596.0,619.0,623,648.0,608.0,623,606.0,677.0,602,594,660,648,682,714,689.0,649.0,657.0,579.0,604.0,625,592.0,594,508,478.0,410,357,407,386,348,371,359.0,388,391,362,377,396,444,453,443,426,411,436,442,407,448,450,400,339,345,388,310,249,211,219,190,197,191,180,218,223,172,182,183,152,147,150,175,121,117,140.0,108,123,105,92,105,78,73,48,37,29,29,20,39,22,32,63
88,,,,נשים,33148,554.0,571.0,528.0,547.0,602,553.0,578.0,636,580.0,621.0,598,606.0,587.0,596,612,606,674,667,695,670.0,658.0,566.0,545.0,597.0,560,569.0,549,423,386.0,382,339,378,385,407,365,356.0,444,400,387,405,455,472,463,435,463,401,473,444,431,443,419,394,397,355,383,313,276,229,207,182,204,222,188,231,212,201,228,210,187,202,189,201,173,167,126.0,155,137,128,130,124,97,98,77,47,49,43,51,45,49,52,108
89,,,יזרעאל,"סה""כ",192323,3015.0,3168.0,3136.0,3234.0,3140,3163.0,3097.0,3142,3239.0,3230.0,3276,3289.0,3300.0,3503,3515,3539,3503,3487,3641,3492.0,3249.0,3315.0,3031.0,3157.0,3056,3122.0,2991,2652,2512.0,2468,2443,2472,2285,2407,2301,2238.0,2301,2310,2367,2401,2371,2534,2584,2619,2587,2533,2579,2559,2575,2477,2458,2464,2219,2359,2481,2108,1609,1297,1128,1170,1374,1392,1348,1484,1626,1354,1379,1180,1171,1186,1105,1224,1095,1106,1075.0,1166,986,1065,852,766,690,606,480,346,289,280,310,325,312,215,638
90,,,,גברים,94560,1567.0,1672.0,1624.0,1597.0,1564,1692.0,1572.0,1643,1637.0,1654.0,1693,1743.0,1677.0,1830,1787,1831,1765,1773,1887,1819.0,1713.0,1747.0,1575.0,1552.0,1427,1565.0,1537,1368,1253.0,1246,1246,1188,1128,1135,1141,1107.0,1130,1145,1133,1173,1149,1169,1229,1273,1317,1196,1253,1299,1223,1201,1215,1213,1078,1130,1204,1024,777,682,530,587,670,648,623,691,706,619,631,528,517,537,501,532,488,485,469.0,472,425,415,326,282,256,246,198,137,118,102,100,110,126,74,243
91,,,,נשים,97763,1448.0,1496.0,1512.0,1637.0,1576,1471.0,1525.0,1499,1602.0,1576.0,1583,1546.0,1623.0,1673,1728,1708,1738,1714,1754,1673.0,1536.0,1568.0,1456.0,1605.0,1629,1557.0,1454,1284,1259.0,1222,1197,1284,1157,1272,1160,1131.0,1171,1165,1234,1228,1222,1365,1355,1346,1270,1337,1326,1260,1352,1276,1243,1251,1141,1229,1277,1084,832,615,598,583,704,744,725,793,920,735,748,652,654,649,604,692,607,621,606.0,694,561,650,526,484,434,360,282,209,171,178,210,215,186,141,395
92,,,עכו,"סה""כ",180590,2912.0,2949.0,2875.0,3027.0,2901,2687.0,2765.0,2792,2820.0,2862.0,2903,2874.0,2975.0,3030,3049,3082,3157,3112,3162,3054.0,2981.0,2828.0,2838.0,2778.0,2797,2941.0,2823,2736,2517.0,2438,2397,2258,2318,2183,2166,2112.0,2152,2194,2271,2333,2424,2558,2587,2549,2599,2535,2681,2582,2551,2634,2496,2444,2287,2291,2277,1997,1458,1237,1006,1009,1165,1262,1323,1472,1490,1250,1265,1156,1053,1182,996,1191,1121,1080,1149.0,1078,1006,980,892,841,670,602,506,344,279,308,329,313,262,225,549
93,,,,גברים,88741,1486.0,1498.0,1471.0,1562.0,1483,1435.0,1429.0,1487,1420.0,1509.0,1459,1451.0,1502.0,1576,1544,1551,1658,1674,1635,1603.0,1587.0,1494.0,1436.0,1405.0,1399,1417.0,1467,1385,1298.0,1299,1194,1158,1105,1076,1040,1051.0,1031,1043,1115,1113,1145,1211,1203,1215,1263,1202,1290,1303,1214,1322,1300,1191,1155,1134,1130,998,737,625,491,470,551,606,604,634,653,545,552,528,484,506,461,528,490,443,514.0,461,392,383,319,342,274,233,204,127,103,117,103,102,79,65,193
94,,,,נשים,91849,1426.0,1451.0,1404.0,1465.0,1418,1252.0,1336.0,1305,1400.0,1353.0,1444,1423.0,1473.0,1454,1505,1531,1499,1438,1527,1451.0,1394.0,1334.0,1402.0,1373.0,1398,1524.0,1356,1351,1219.0,1139,1203,1100,1213,1107,1126,1061.0,1121,1151,1156,1220,1279,1347,1384,1334,1336,1333,1391,1279,1337,1312,1196,1253,1132,1157,1147,999,721,612,515,539,614,656,719,838,837,705,713,628,569,676,535,663,631,637,635.0,617,614,597,573,499,396,369,302,217,176,191,226,211,183,160,356
95,,,גולן,"סה""כ",15856,264.0,304.0,280.0,298.0,281,289.0,338.0,319,316.0,305.0,359,350.0,342.0,308,364,387,395,363,368,343.0,341.0,333.0,293.0,280.0,305,293.0,273,225,230.0,180,168,176,198,168,201,180.0,203,196,181,202,169,234,234,244,246,211,239,255,248,262,237,243,205,187,175,144,82,81,58,51,60,46,62,60,77,35,44,29,37,40,19,31,34,29,27.0,32,19,21,23,12,20,14,8,15,11,4,5,10,8,5,15
96,,,,גברים,8116,127.0,157.0,142.0,161.0,146,139.0,158.0,156,154.0,176.0,185,183.0,174.0,154,218,223,217,197,197,196.0,188.0,172.0,168.0,154.0,148,142.0,133,116,105.0,103,82,92,93,80,91,91.0,102,88,92,93,87,115,102,117,110,88,123,127,129,127,131,116,113,114,91,82,51,50,37,33,24,23,28,26,47,19,17,17,21,17,10,14,19,15,10.0,8,10,11,9,..,7,5,..,4,4,..,..,..,..,..,..
97,,,,נשים,7740,137.0,147.0,138.0,137.0,135,150.0,180.0,163,162.0,129.0,174,167.0,168.0,154,146,164,178,166,171,147.0,153.0,161.0,125.0,126.0,157,151.0,140,109,125.0,77,86,84,105,88,110,89.0,101,108,89,109,82,119,132,127,136,123,116,128,119,135,106,127,92,73,84,62,31,31,21,18,36,23,34,34,30,16,27,12,16,23,9,17,15,14,17.0,24,9,10,14,10,13,9,5,11,7,..,..,9,7,4,12
98,,מחוז חיפה,סך הכל,"סה""כ",649510,8794.0,8892.0,8789.0,8857.0,8936,8824.0,8787.0,8828,8956.0,9058.0,9023,9477.0,9562.0,9996,10178,10748,10845,10893,11169,10782.0,10499.0,10318.0,10114.0,10223.0,10330,10290.0,9901,9552,8882.0,9223,8988,8817,8148,7939,7454,7497.0,7374,7421,7491,7663,7695,8054,8170,8251,8253,8399,8623,8526,8589,9029,8881,8959,8733,8785,9521,8580,6399,5001,4289,4324,4973,5280,5471,6064,6264,5811,5348,4981,4725,5150,4580,5181,4834,4943,4682.0,4880,4781,4662,4366,4044,3150,3189,2449,1877,1388,1461,1391,1558,1265,1217,2966
99,,,,גברים,314283,4585.0,4548.0,4466.0,4624.0,4633,4524.0,4507.0,4507,4590.0,4635.0,4664,4911.0,4934.0,5098,5173,5588,5567,5582,5852,5657.0,5518.0,5548.0,5318.0,5255.0,5299,5327.0,5004,4845,4576.0,4639,4508,4297,4020,3941,3672,3653.0,3536,3571,3512,3602,3602,3696,3821,3907,3902,4006,4095,3994,3959,4174,4213,4255,4126,4227,4592,4074,3002,2346,1963,1956,2307,2297,2350,2730,2772,2595,2366,2267,2117,2235,1980,2229,2003,2054,1986.0,1988,1876,1789,1779,1667,1338,1405,1031,798,555,542,481,575,481,385,1109
100,,,,נשים,335227,4209.0,4344.0,4323.0,4233.0,4303,4300.0,4280.0,4321,4366.0,4423.0,4359,4566.0,4628.0,4898,5005,5160,5278,5311,5317,5125.0,4981.0,4770.0,4796.0,4968.0,5031,4963.0,4897,4707,4306.0,4584,4480,4520,4128,3998,3782,3844.0,3838,3850,3979,4061,4093,4358,4349,4344,4351,4393,4528,4532,4630,4855,4668,4704,4607,4558,4929,4506,3397,2655,2326,2368,2666,2983,3121,3334,3492,3216,2982,2714,2608,2915,2600,2952,2831,2889,2696.0,2892,2905,2873,2587,2377,1812,1784,1418,1079,833,919,910,983,784,832,1857
101,,,חיפה,"סה""כ",478118,6184.0,6014.0,6022.0,5914.0,6119,6011.0,6026.0,5963,6030.0,6073.0,6163,6406.0,6688.0,6870,6969,7240,7499,7426,7910,7785.0,7676.0,7691.0,7555.0,7738.0,7830,7828.0,7548,7273,6778.0,6992,6779,6557,5927,5641,5339,5340.0,5095,5139,5242,5304,5284,5629,5737,5820,5850,6041,6240,6259,6215,6704,6551,6833,6798,6818,7445,6704,4956,3838,3275,3321,3875,4105,4251,4837,4948,4596,4262,3959,3788,4166,3645,4141,3929,3982,3807.0,4009,3926,3807,3573,3380,2660,2642,2072,1575,1147,1209,1165,1267,1048,1021,2424
102,,,,גברים,229830,3264.0,3107.0,3070.0,3095.0,3155,3081.0,3146.0,3037,3082.0,3078.0,3176,3297.0,3450.0,3533,3610,3777,3845,3830,4136,4063.0,4025.0,4138.0,3977.0,3970.0,4042,4091.0,3841,3663,3528.0,3544,3464,3236,2932,2814,2632,2621.0,2475,2441,2461,2472,2478,2537,2673,2723,2721,2807,2873,2867,2843,3034,3054,3167,3132,3253,3567,3112,2284,1801,1490,1471,1781,1747,1793,2144,2178,2030,1861,1793,1668,1781,1553,1782,1641,1622,1620.0,1641,1537,1461,1468,1390,1139,1154,881,668,452,447,417,481,393,315,906
103,,,,נשים,248288,2920.0,2907.0,2952.0,2819.0,2964,2930.0,2880.0,2926,2948.0,2995.0,2987,3109.0,3238.0,3337,3359,3463,3654,3596,3774,3722.0,3651.0,3553.0,3578.0,3768.0,3788,3737.0,3707,3610,3250.0,3448,3315,3321,2995,2827,2707,2719.0,2620,2698,2781,2832,2806,3092,3064,3097,3129,3234,3367,3392,3372,3670,3497,3666,3666,3565,3878,3592,2672,2037,1785,1850,2094,2358,2458,2693,2770,2566,2401,2166,2120,2385,2092,2359,2288,2360,2187.0,2368,2389,2346,2105,1990,1521,1488,1191,907,695,762,748,786,655,706,1518
104,,,חדרה,"סה""כ",171392,2610.0,2878.0,2767.0,2943.0,2817,2813.0,2761.0,2865,2926.0,2985.0,2860,3071.0,2874.0,3126,3209,3508,3346,3467,3259,2997.0,2823.0,2627.0,2559.0,2485.0,2500,2462.0,2353,2279,2104.0,2231,2209,2260,2221,2298,2115,2157.0,2279,2282,2249,2359,2411,2425,2433,2431,2403,2358,2383,2267,2374,2325,2330,2126,1935,1967,2076,1876,1443,1163,1014,1003,1098,1175,1220,1227,1316,1215,1086,1022,937,984,935,1040,905,961,875.0,871,855,855,793,664,490,547,377,302,241,252,226,291,217,196,542
105,,,,גברים,84453,1321.0,1441.0,1396.0,1529.0,1478,1443.0,1361.0,1470,1508.0,1557.0,1488,1614.0,1484.0,1565,1563,1811,1722,1752,1716,1594.0,1493.0,1410.0,1341.0,1285.0,1257,1236.0,1163,1182,1048.0,1095,1044,1061,1088,1127,1040,1032.0,1061,1130,1051,1130,1124,1159,1148,1184,1181,1199,1222,1127,1116,1140,1159,1088,994,974,1025,962,718,545,473,485,526,550,557,586,594,565,505,474,449,454,427,447,362,432,366.0,347,339,328,311,277,199,251,150,130,103,95,64,94,88,70,203
106,,,,נשים,86939,1289.0,1437.0,1371.0,1414.0,1339,1370.0,1400.0,1395,1418.0,1428.0,1372,1457.0,1390.0,1561,1646,1697,1624,1715,1543,1403.0,1330.0,1217.0,1218.0,1200.0,1243,1226.0,1190,1097,1056.0,1136,1165,1199,1133,1171,1075,1125.0,1218,1152,1198,1229,1287,1266,1285,1247,1222,1159,1161,1140,1258,1185,1171,1038,941,993,1051,914,725,618,541,518,572,625,663,641,722,650,581,548,488,530,508,593,543,529,509.0,524,516,527,482,387,291,296,227,172,138,157,162,197,129,126,339
107,,מחוז מרכז,סך הכל,"סה""כ",1383109,24240.0,24921.0,24789.0,24729.0,24053,23925.0,23226.0,22872,22813.0,23063.0,22064,22242.0,22774.0,23355,23406,24276,24520,24212,23755,22611.0,22019.0,21938.0,21284.0,21253.0,21924,22395.0,22213,21008,20288.0,20138,20494,20038,19178,18843,17819,18027.0,17892,18010,17348,17234,17428,18301,17914,17913,17883,18240,18542,18161,18721,19528,19298,18950,17399,17119,18182,16062,12378,10194,8590,8449,8779,9019,9039,9391,9592,8634,8269,7715,7253,7331,6724,7315,6857,6733,6253.0,6526,6545,6414,5757,5516,4514,4604,3569,2906,2280,2149,2318,2452,1834,1592,4788
108,,,,גברים,680805,12585.0,12780.0,12700.0,12736.0,12349,12347.0,11812.0,11698,11582.0,11786.0,11292,11222.0,11754.0,12071,12333,12606,12961,12473,12249,11557.0,11229.0,11175.0,10727.0,10599.0,10977,11194.0,11169,10505,9942.0,9985,10030,9729,9272,9039,8523,8741.0,8672,8907,8482,8425,8355,8944,8628,8626,8567,8746,9012,8597,9155,9510,9369,9261,8570,8414,9106,7950,6268,5139,4287,4128,4233,4334,4440,4489,4555,4039,3825,3537,3353,3296,3053,3281,2946,2871,2597.0,2640,2558,2446,2292,2268,1925,1929,1444,1142,938,757,871,866,711,584,1738
109,,,,נשים,702304,11655.0,12141.0,12089.0,11993.0,11704,11578.0,11414.0,11174,11231.0,11277.0,10772,11020.0,11020.0,11284,11073,11670,11559,11739,11506,11054.0,10790.0,10763.0,10557.0,10654.0,10947,11201.0,11044,10503,10346.0,10153,10464,10309,9906,9804,9296,9286.0,9220,9103,8866,8809,9073,9357,9286,9287,9316,9494,9530,9564,9566,10018,9929,9689,8829,8705,9076,8112,6110,5055,4303,4321,4546,4685,4599,4902,5037,4595,4444,4178,3900,4035,3671,4034,3911,3862,3656.0,3886,3987,3968,3465,3248,2589,2675,2125,1764,1342,1392,1447,1586,1123,1008,3050
110,,,השרון,"סה""כ",262765,4361.0,4638.0,4550.0,4617.0,4417,4521.0,4350.0,4267,4292.0,4279.0,4196,4219.0,4177.0,4366,4475,4697,4758,4761,4496,4124.0,4062.0,4007.0,3891.0,3904.0,3949,3970.0,3915,3811,3597.0,3570,3693,3574,3450,3421,3210,3264.0,3301,3406,3250,3244,3364,3455,3332,3365,3351,3360,3355,3470,3381,3562,3502,3380,3071,3148,3348,2883,2277,1877,1671,1623,1852,1822,1794,1874,1993,1810,1731,1645,1610,1716,1526,1619,1601,1560,1525.0,1480,1500,1480,1427,1346,1074,1095,827,733,603,513,559,646,435,373,1171
111,,,,גברים,129435,2249.0,2428.0,2340.0,2342.0,2319,2391.0,2188.0,2190,2247.0,2207.0,2169,2112.0,2204.0,2258,2377,2616,2583,2586,2364,2131.0,2114.0,2043.0,1907.0,1954.0,1981,1924.0,2048,1963,1747.0,1816,1770,1751,1668,1622,1524,1565.0,1599,1706,1597,1631,1611,1674,1568,1651,1635,1634,1625,1661,1627,1745,1748,1656,1512,1537,1615,1378,1111,958,822,765,868,824,874,881,915,842,774,751,713,764,667,759,659,641,636.0,583,597,577,550,576,443,447,363,315,261,183,212,242,174,142,438
112,,,,נשים,133330,2112.0,2210.0,2210.0,2275.0,2098,2130.0,2162.0,2077,2045.0,2072.0,2027,2107.0,1973.0,2108,2098,2081,2175,2175,2132,1993.0,1948.0,1964.0,1984.0,1950.0,1968,2046.0,1867,1848,1850.0,1754,1923,1823,1782,1799,1686,1699.0,1702,1700,1653,1613,1753,1781,1764,1714,1716,1726,1730,1809,1754,1817,1754,1724,1559,1611,1733,1505,1166,919,849,858,984,998,920,993,1078,968,957,894,897,952,859,860,942,919,889.0,897,903,903,877,770,631,648,464,418,342,330,347,404,261,231,733
113,,,פתח תקווה,"סה""כ",484484,8573.0,8700.0,8609.0,8583.0,8361,8123.0,7825.0,7873,7661.0,7884.0,7365,7527.0,7672.0,7870,7828,8306,8181,8193,8081,7803.0,7606.0,7782.0,7515.0,7609.0,7805,8083.0,8043,7447,7135.0,6971,7143,6996,6736,6463,6131,6327.0,6344,6241,6038,5885,5851,6206,6087,6073,6090,6383,6402,6331,6803,7186,7038,6906,6522,6436,6827,5967,4659,3909,3409,3154,3097,3230,3226,3309,3398,3110,2923,2813,2559,2472,2292,2536,2367,2302,2062.0,2317,2302,2300,1976,1984,1578,1757,1320,1070,828,822,865,902,696,620,1894
114,,,,גברים,237186,4437.0,4427.0,4471.0,4385.0,4258,4244.0,3982.0,4060,3819.0,4008.0,3749,3779.0,3996.0,4111,4139,4179,4290,4227,4061,3891.0,3822.0,3882.0,3688.0,3739.0,3891,4002.0,4091,3763,3471.0,3423,3508,3314,3258,3121,2926,3074.0,3057,3091,2987,2818,2834,3030,2921,2918,2818,3033,3086,2917,3287,3431,3364,3344,3184,3140,3497,2957,2378,1937,1689,1552,1495,1605,1610,1580,1656,1482,1385,1277,1145,1149,1037,1111,1016,990,845.0,946,934,857,804,801,679,741,519,406,324,269,337,297,270,232,631
115,,,,נשים,247298,4136.0,4273.0,4138.0,4198.0,4103,3879.0,3843.0,3813,3842.0,3876.0,3616,3748.0,3676.0,3759,3689,4127,3891,3966,4020,3912.0,3784.0,3900.0,3827.0,3870.0,3914,4081.0,3952,3684,3664.0,3548,3635,3682,3478,3342,3205,3253.0,3287,3150,3051,3067,3017,3176,3166,3155,3272,3350,3316,3414,3516,3755,3674,3562,3338,3296,3330,3010,2281,1972,1720,1602,1602,1625,1616,1729,1742,1628,1538,1536,1414,1323,1255,1425,1351,1312,1217.0,1371,1368,1443,1172,1183,899,1016,801,664,504,553,528,605,426,388,1263
116,,,רמלה,"סה""כ",207641,4409.0,4528.0,4428.0,4528.0,4271,4318.0,4198.0,4004,3924.0,4009.0,3749,3678.0,3825.0,3832,3662,3687,3888,3565,3508,3271.0,3139.0,2985.0,2998.0,2895.0,2983,3068.0,3119,3099,3095.0,3284,3264,3433,3315,3362,3187,3102.0,2976,3107,2959,3063,2938,3099,3010,2909,2824,2708,2777,2585,2526,2537,2443,2295,2062,1890,1962,1712,1357,1120,930,1055,1083,1136,1181,1236,1242,1043,1016,979,903,918,860,912,865,836,766.0,715,712,722,567,530,466,456,322,246,199,198,196,200,165,120,397
117,,,,גברים,104270,2295.0,2302.0,2287.0,2378.0,2186,2148.0,2154.0,2006,1991.0,2051.0,1869,1925.0,1982.0,2015,1989,1982,2105,1869,1842,1682.0,1656.0,1567.0,1545.0,1478.0,1480,1545.0,1518,1452,1474.0,1599,1517,1649,1635,1653,1551,1519.0,1494,1555,1479,1550,1447,1586,1515,1498,1451,1382,1457,1288,1311,1311,1269,1217,1053,939,969,859,721,570,468,520,545,515,589,608,573,487,490,415,428,411,392,396,391,351,333.0,292,278,298,242,233,195,200,126,85,80,83,69,77,68,45,170
118,,,,נשים,103371,2114.0,2226.0,2141.0,2150.0,2085,2170.0,2044.0,1998,1933.0,1958.0,1880,1753.0,1843.0,1817,1673,1705,1783,1696,1666,1589.0,1483.0,1418.0,1453.0,1417.0,1503,1523.0,1601,1647,1621.0,1685,1747,1784,1680,1709,1636,1583.0,1482,1552,1480,1513,1491,1513,1495,1411,1373,1326,1320,1297,1215,1226,1174,1078,1009,951,993,853,636,550,462,535,538,621,592,628,669,556,526,564,475,507,468,516,474,485,433.0,423,434,424,325,297,271,256,196,161,119,115,127,123,97,75,227
119,,,רחובות,"סה""כ",428219,6897.0,7055.0,7202.0,7001.0,7004,6963.0,6853.0,6728,6936.0,6891.0,6754,6818.0,7100.0,7287,7441,7586,7693,7693,7670,7413.0,7212.0,7164.0,6880.0,6845.0,7187,7274.0,7136,6651,6461.0,6313,6394,6035,5677,5597,5291,5334.0,5271,5256,5101,5042,5275,5541,5485,5566,5618,5789,6008,5775,6011,6243,6315,6369,5744,5645,6045,5500,4085,3288,2580,2617,2747,2831,2838,2972,2959,2671,2599,2278,2181,2225,2046,2248,2024,2035,1900.0,2014,2031,1912,1787,1656,1396,1296,1100,857,650,616,698,704,538,479,1326
120,,,,גברים,209914,3604.0,3623.0,3602.0,3631.0,3586,3564.0,3488.0,3442,3525.0,3520.0,3505,3406.0,3572.0,3687,3828,3829,3983,3791,3982,3853.0,3637.0,3683.0,3587.0,3428.0,3625,3723.0,3512,3327,3250.0,3147,3235,3015,2711,2643,2522,2583.0,2522,2555,2419,2426,2463,2654,2624,2559,2663,2697,2844,2731,2930,3023,2988,3044,2821,2798,3025,2756,2058,1674,1308,1291,1325,1390,1367,1420,1411,1228,1176,1094,1067,972,957,1015,880,889,783.0,819,749,714,696,658,608,541,436,336,273,222,253,250,199,165,499
121,,,,נשים,218305,3293.0,3432.0,3600.0,3370.0,3418,3399.0,3365.0,3286,3411.0,3371.0,3249,3412.0,3528.0,3600,3613,3757,3710,3902,3688,3560.0,3575.0,3481.0,3293.0,3417.0,3562,3551.0,3624,3324,3211.0,3166,3159,3020,2966,2954,2769,2751.0,2749,2701,2682,2616,2812,2887,2861,3007,2955,3092,3164,3044,3081,3220,3327,3325,2923,2847,3020,2744,2027,1614,1272,1326,1422,1441,1471,1552,1548,1443,1423,1184,1114,1253,1089,1233,1144,1146,1117.0,1195,1282,1198,1091,998,788,755,664,521,377,394,445,454,339,314,827
122,,מחוז תל אביב,סך הכל,"סה""כ",1145957,18057.0,17857.0,17079.0,16774.0,16449,16027.0,15208.0,15387,14937.0,15403.0,14853,15186.0,15187.0,15576,15951,16227,15954,16201,16511,16780.0,16840.0,17119.0,17193.0,17773.0,18769,20608.0,21139,21360,21374.0,20867,21127,19558,17031,15881,14147,13978.0,13441,13033,12328,12248,12395,12816,12654,12533,12662,13112,13471,13461,14012,14718,14883,14944,13843,14064,15488,14361,11676,10097,8906,8223,8386,9050,9368,9861,9957,9874,9520,9008,8921,9662,8588,9428,8429,8623,8213.0,8467,8305,8137,7718,7435,6082,6425,4583,3779,2797,2752,2934,3007,2411,2406,6094
123,,,,גברים,550460,9211.0,9317.0,8940.0,8532.0,8478,8154.0,7780.0,7827,7663.0,7796.0,7627,7869.0,7668.0,7960,8093,8214,7813,8256,8264,8218.0,8427.0,8544.0,8565.0,8882.0,9334,10304.0,10516,10547,10677.0,10472,10661,10052,8798,8031,7159,6931.0,6719,6414,6086,5903,5987,6113,5960,5977,5895,6074,6246,6341,6518,6786,6912,6859,6464,6401,7148,6520,5358,4679,4150,3673,3800,4053,4141,4333,4430,4349,4253,3920,3847,4013,3840,3994,3550,3588,3411.0,3392,3214,3210,3099,3154,2825,2954,1973,1577,1214,1064,1155,1091,895,918,2440
124,,,,נשים,595497,8846.0,8540.0,8139.0,8242.0,7971,7873.0,7428.0,7560,7274.0,7607.0,7226,7317.0,7519.0,7616,7858,8013,8141,7945,8247,8562.0,8413.0,8575.0,8628.0,8891.0,9435,10304.0,10623,10813,10697.0,10395,10466,9506,8233,7850,6988,7047.0,6722,6619,6242,6345,6408,6703,6694,6556,6767,7038,7225,7120,7494,7932,7971,8085,7379,7663,8340,7841,6318,5418,4756,4550,4586,4997,5227,5528,5527,5525,5267,5088,5074,5649,4748,5434,4879,5035,4802.0,5075,5091,4927,4619,4281,3257,3471,2610,2202,1583,1688,1779,1916,1516,1488,3654
125,,מחוז דרום,סך הכל,"סה""כ",802103,14959.0,15141.0,14956.0,15077.0,14650,14480.0,14519.0,14285,14149.0,14138.0,13665,13557.0,13449.0,13642,13283,13658,13262,13514,13856,13791.0,13655.0,13712.0,13738.0,13546.0,13613,13819.0,13571,12516,11912.0,11157,11241,10867,10219,10234,9705,9848.0,9862,9727,9952,10052,10289,10822,10417,10166,9967,10254,9972,9941,9478,9610,9266,9228,8553,8666,9195,8213,6358,5308,4374,4974,5553,5903,6251,6472,6854,5958,5525,4874,4796,4975,4476,5114,4356,4487,4168.0,3966,3876,3584,3181,2894,2386,2096,1655,1346,966,968,1032,1014,786,690,1873
126,,,,גברים,395236,7506.0,7696.0,7640.0,7641.0,7581,7423.0,7555.0,7245,7374.0,7293.0,7057,7022.0,6853.0,6924,6703,6922,6684,6911,7085,7028.0,6886.0,6793.0,7000.0,6898.0,6856,6938.0,6981,6606,6036.0,5729,5749,5529,5058,5132,4853,4901.0,4864,4912,4938,4811,5080,5316,5169,4845,4883,5025,4860,4922,4607,4741,4519,4516,4012,4170,4314,3878,3075,2557,2128,2349,2512,2746,2857,2877,3093,2756,2534,2214,2144,2226,2034,2329,1921,1948,1781.0,1678,1604,1378,1271,1133,1009,776,628,541,403,383,387,336,279,221,658
127,,,,נשים,406867,7453.0,7445.0,7316.0,7436.0,7069,7057.0,6964.0,7040,6775.0,6845.0,6608,6535.0,6596.0,6718,6580,6736,6578,6603,6771,6763.0,6769.0,6919.0,6738.0,6648.0,6757,6881.0,6590,5910,5876.0,5428,5492,5338,5161,5102,4852,4947.0,4998,4815,5014,5241,5209,5506,5248,5321,5084,5229,5112,5019,4871,4869,4747,4712,4541,4496,4881,4335,3283,2751,2246,2625,3041,3157,3394,3595,3761,3202,2991,2660,2652,2749,2442,2785,2435,2539,2387.0,2288,2272,2206,1910,1761,1377,1320,1027,805,563,585,645,678,507,469,1215
128,,,אשקלון,"סה""כ",416513,8007.0,8079.0,7916.0,8092.0,7938,7692.0,7719.0,7584,7496.0,7674.0,7287,7135.0,7033.0,7162,6917,7167,6985,7060,7105,6952.0,6844.0,6593.0,6576.0,6440.0,6397,6478.0,6611,6108,5985.0,5507,5488,5443,5149,5244,4881,5031.0,5175,5097,5358,5167,5391,5697,5493,5378,5142,5350,5230,5189,4852,4967,4752,4626,4503,4472,4779,4201,3278,2691,2181,2550,3002,3142,3372,3442,3739,3212,2982,2663,2542,2696,2469,2864,2430,2430,2275.0,2187,2172,2001,1754,1563,1352,1207,902,722,542,520,589,584,430,377,1057
129,,,,גברים,204951,3999.0,4121.0,4083.0,4033.0,4084,3932.0,4026.0,3819,3940.0,3982.0,3760,3725.0,3553.0,3622,3473,3687,3487,3692,3717,3584.0,3522.0,3379.0,3413.0,3248.0,3214,3247.0,3386,3135,2973.0,2834,2770,2734,2473,2609,2396,2406.0,2524,2598,2658,2464,2702,2758,2694,2549,2483,2608,2552,2591,2408,2466,2289,2282,2116,2165,2275,2001,1590,1267,1023,1201,1356,1463,1554,1507,1707,1508,1345,1191,1132,1208,1103,1303,1099,1067,1012.0,922,857,786,691,635,578,452,360,287,234,205,239,201,153,125,349
130,,,,נשים,211562,4008.0,3958.0,3833.0,4059.0,3854,3760.0,3693.0,3765,3556.0,3692.0,3527,3410.0,3480.0,3540,3444,3480,3498,3368,3388,3368.0,3322.0,3214.0,3163.0,3192.0,3183,3231.0,3225,2973,3012.0,2673,2718,2709,2676,2635,2485,2625.0,2651,2499,2700,2703,2689,2939,2799,2829,2659,2742,2678,2598,2444,2501,2463,2344,2387,2307,2504,2200,1688,1424,1158,1349,1646,1679,1818,1935,2032,1704,1637,1472,1410,1488,1366,1561,1331,1363,1263.0,1265,1315,1215,1063,928,774,755,542,435,308,315,350,383,277,252,708
131,,,באר שבע,"סה""כ",385590,6952.0,7062.0,7040.0,6985.0,6712,6788.0,6800.0,6701,6653.0,6464.0,6378,6422.0,6416.0,6480,6366,6491,6277,6454,6751,6839.0,6811.0,7119.0,7162.0,7106.0,7216,7341.0,6960,6408,5927.0,5650,5753,5424,5070,4990,4824,4817.0,4687,4630,4594,4885,4898,5125,4924,4788,4825,4904,4742,4752,4626,4643,4514,4602,4050,4194,4416,4012,3080,2617,2193,2424,2551,2761,2879,3030,3115,2746,2543,2211,2254,2279,2007,2250,1926,2057,1893.0,1779,1704,1583,1427,1331,1034,889,753,624,424,448,443,430,356,313,816
132,,,,גברים,190285,3507.0,3575.0,3557.0,3608.0,3497,3491.0,3529.0,3426,3434.0,3311.0,3297,3297.0,3300.0,3302,3230,3235,3197,3219,3368,3444.0,3364.0,3414.0,3587.0,3650.0,3642,3691.0,3595,3471,3063.0,2895,2979,2795,2585,2523,2457,2495.0,2340,2314,2280,2347,2378,2558,2475,2296,2400,2417,2308,2331,2199,2275,2230,2234,1896,2005,2039,1877,1485,1290,1105,1148,1156,1283,1303,1370,1386,1248,1189,1023,1012,1018,931,1026,822,881,769.0,756,747,592,580,498,431,324,268,254,169,178,148,135,126,96,309
133,,,,נשים,195305,3445.0,3487.0,3483.0,3377.0,3215,3297.0,3271.0,3275,3219.0,3153.0,3081,3125.0,3116.0,3178,3136,3256,3080,3235,3383,3395.0,3447.0,3705.0,3575.0,3456.0,3574,3650.0,3365,2937,2864.0,2755,2774,2629,2485,2467,2367,2322.0,2347,2316,2314,2538,2520,2567,2449,2492,2425,2487,2434,2421,2427,2368,2284,2368,2154,2189,2377,2135,1595,1327,1088,1276,1395,1478,1576,1660,1729,1498,1354,1188,1242,1261,1076,1224,1104,1176,1124.0,1023,957,991,847,833,603,565,485,370,255,270,295,295,230,217,507
134,,אזור יהודה ושומרון,סך הכל,"סה""כ",208188,7052.0,7102.0,6805.0,6615.0,6443,5826.0,5565.0,5484,5229.0,4981.0,4838,4695.0,4433.0,4236,3962,3850,3640,3563,3940,3689.0,3648.0,3700.0,3733.0,3788.0,3760,3919.0,3843,3489,3288.0,2995,3076,2947,2804,2621,2549,2602.0,2587,2484,2515,2504,2565,2466,2501,2451,2368,2237,2248,2028,2068,1975,1894,1770,1555,1492,1513,1292,1000,782,661,574,592,593,584,538,578,426,427,345,317,300,261,308,259,232,215.0,236,209,201,185,151,111,126,110,86,74,48,69,72,42,55,198
135,,,,גברים,106037,3631.0,3606.0,3519.0,3437.0,3353,2987.0,2851.0,2846,2677.0,2486.0,2469,2411.0,2219.0,2104,1914,1907,1836,1815,2215,1916.0,1816.0,1940.0,1884.0,1910.0,1905,1943.0,1930,1739,1667.0,1522,1513,1550,1414,1335,1260,1311.0,1276,1226,1256,1169,1308,1235,1249,1219,1237,1178,1125,1070,1096,1031,1012,974,805,769,778,728,523,434,359,330,307,321,298,297,300,217,220,201,169,133,118,170,126,107,93.0,96,87,94,61,45,49,49,50,33,27,15,33,19,5,11,61
136,,,,נשים,102151,3421.0,3496.0,3286.0,3178.0,3090,2839.0,2714.0,2638,2552.0,2495.0,2369,2284.0,2214.0,2132,2048,1943,1804,1748,1725,1773.0,1832.0,1760.0,1849.0,1878.0,1855,1976.0,1913,1750,1621.0,1473,1563,1397,1390,1286,1289,1291.0,1311,1258,1259,1335,1257,1231,1252,1232,1131,1059,1123,958,972,944,882,796,750,723,735,564,477,348,302,244,285,272,286,241,278,209,207,144,148,167,143,138,133,125,122.0,140,122,107,124,106,62,77,60,53,47,33,36,53,37,44,137
137,ערבים,סך הכל,,"סה""כ",1227494,40344.0,40481.0,39490.0,38676.0,36298,35692.0,36009.0,33275,33165.0,31680.0,30712,29620.0,28276.0,26610,25185,23865,23664,23822,23636,22312.0,21463.0,21753.0,22542.0,22265.0,22087,22183.0,21613,20853,20726.0,19977,19168,18783,17862,16633,16013,16201.0,16335,15825,14863,14391,13135,13229,11562,11350,10335,9607,9716,8688,8650,7916,7678,7557,4971,5998,5860,6038,6134,5659,5204,5088,4176,4830,3626,4027,3571,3988,3196,2911,2706,2717,2015,2669,1831,2195,1696.0,1250,1326,1385,1468,989,563,896,554,853,424,344,336,403,435,297,1094
138,,,,גברים,624670,20841.0,20820.0,20279.0,19844.0,18562,18332.0,18386.0,17153,17138.0,16246.0,15823,15132.0,14403.0,13659,12656,12241,12183,12193,12031,11338.0,11012.0,11005.0,11427.0,11130.0,11125,11304.0,10924,10715,10594.0,10160,9818,9540,9206,8563,8182,8409.0,8501,8063,7519,7373,6756,6781,5907,5791,5251,4786,4893,4428,4381,3995,3796,3753,2477,2976,2841,3117,3062,2823,2602,2462,2246,2437,1892,2043,1648,1949,1458,1343,1231,1172,964,1182,816,874,748.0,600,593,594,510,449,301,401,271,338,225,235,194,241,209,154,644
139,,,,נשים,602824,19503.0,19661.0,19211.0,18832.0,17736,17360.0,17623.0,16122,16027.0,15434.0,14889,14488.0,13873.0,12951,12529,11624,11481,11629,11605,10974.0,10451.0,10748.0,11115.0,11135.0,10962,10879.0,10689,10138,10132.0,9817,9350,9243,8656,8070,7831,7792.0,7834,7762,7344,7018,6379,6448,5655,5559,5084,4821,4823,4260,4269,3921,3882,3804,2494,3022,3019,2921,3072,2836,2602,2626,1930,2393,1734,1984,1923,2039,1738,1568,1475,1545,1051,1487,1015,1321,948.0,650,733,791,958,540,262,495,283,515,199,109,142,162,226,143,450
140,,מחוז ירושלים,סך הכל,"סה""כ",222924,7163.0,7306.0,7681.0,7032.0,6531,6625.0,6837.0,6029,6365.0,5813.0,5589,5443.0,5168.0,4559,4215,4167,4104,4313,4108,4307.0,4075.0,4148.0,3976.0,4103.0,3889,3935.0,3826,3636,3496.0,3541,3486,3393,3192,2850,2726,2846.0,2922,2834,2732,2739,2338,2452,2099,2070,2008,1583,1786,1511,1510,1376,1389,1325,1090,1360,1395,1077,1129,952,892,889,595,814,587,597,848,576,557,488,430,718,370,501,362,343,660.0,223,321,216,211,334,119,169,115,89,150,63,74,76,61,89,237
141,,,,גברים,112843,3696.0,3719.0,3898.0,3596.0,3371,3350.0,3535.0,3120,3209.0,2897.0,2934,2763.0,2637.0,2323,2068,2142,2144,2248,2084,2113.0,2103.0,2141.0,2037.0,1981.0,1899,1886.0,1911,1841,1786.0,1757,1759,1742,1683,1506,1402,1538.0,1537,1477,1415,1442,1258,1258,1053,1062,1029,792,912,757,749,724,743,681,567,636,663,610,544,489,450,379,328,385,281,297,309,310,259,225,198,235,154,204,163,154,193.0,132,132,107,80,126,48,66,59,50,56,27,27,29,33,23,107
142,,,,נשים,110081,3467.0,3587.0,3783.0,3436.0,3160,3275.0,3302.0,2909,3156.0,2916.0,2655,2680.0,2531.0,2236,2147,2025,1960,2065,2024,2194.0,1972.0,2007.0,1939.0,2122.0,1990,2049.0,1915,1795,1710.0,1784,1727,1651,1509,1344,1324,1308.0,1385,1357,1317,1297,1080,1194,1046,1008,979,791,874,754,761,652,646,644,523,724,732,467,585,463,442,510,267,429,306,300,539,266,298,263,232,483,216,297,199,189,467.0,91,189,109,131,208,71,103,56,39,94,36,47,47,28,66,130
143,,מחוז צפון,סך הכל,"סה""כ",567497,16774.0,16731.0,16009.0,16110.0,15147,15091.0,15909.0,14726,14706.0,14166.0,14113,13599.0,13071.0,12504,11993,11282,11089,11099,11096,9988.0,9690.0,9876.0,10492.0,10427.0,10483,10452.0,10221,10036,9921.0,9569,9131,9011,8719,8294,7968,7995.0,8015,7759,7242,6996,6422,6359,5730,5569,5006,4742,4710,4405,4303,3932,3935,3762,2210,2720,2537,3011,2917,2792,2565,2454,2133,2531,1737,2280,1592,2135,1673,1419,1456,1199,931,1433,707,1365,596.0,688,637,589,971,456,293,492,196,619,178,212,178,184,312,145,579
144,,,,גברים,288391,8664.0,8614.0,8259.0,8302.0,7727,7736.0,8023.0,7639,7610.0,7346.0,7248,6893.0,6728.0,6472,6013,5781,5767,5577,5629,5075.0,4930.0,4926.0,5282.0,5167.0,5280,5368.0,5128,5109,5028.0,4865,4678,4553,4409,4220,4041,4089.0,4137,3891,3657,3521,3246,3221,2929,2877,2512,2408,2380,2269,2224,2035,1938,1891,1106,1408,1261,1532,1503,1380,1300,1222,1147,1285,900,1154,799,1035,752,649,648,558,476,625,335,470,319.0,304,287,269,290,220,162,227,126,204,113,157,130,128,145,92,361
145,,,,נשים,279106,8110.0,8117.0,7750.0,7808.0,7420,7355.0,7886.0,7087,7096.0,6820.0,6865,6706.0,6343.0,6032,5980,5501,5322,5522,5467,4913.0,4760.0,4950.0,5210.0,5260.0,5203,5084.0,5093,4927,4893.0,4704,4453,4458,4310,4074,3927,3906.0,3878,3868,3585,3475,3176,3138,2801,2692,2494,2334,2330,2136,2079,1897,1997,1871,1104,1312,1276,1479,1414,1412,1265,1232,986,1246,837,1126,793,1100,921,770,808,641,455,808,372,895,277.0,384,350,320,681,236,131,265,70,415,65,55,48,56,167,53,218
146,,,צפת,"סה""כ",9576,243.0,234.0,262.0,235.0,244,246.0,240.0,247,224.0,217.0,194,209.0,185.0,190,206,194,175,185,205,221.0,234.0,214.0,234.0,170.0,213,167.0,206,174,161.0,173,168,153,152,129,130,129.0,141,138,108,132,121,99,90,102,71,86,72,59,71,60,80,43,51,47,49,52,47,46,33,51,31,53,21,38,28,44,29,24,35,24,32,28,22,35,17.0,11,9,11,21,6,6,9,..,..,5,..,4,..,4,..,10
147,,,,גברים,4938,120.0,122.0,116.0,111.0,123,127.0,121.0,142,100.0,109.0,99,102.0,89.0,103,105,101,96,110,111,113.0,124.0,122.0,121.0,95.0,125,87.0,103,101,88.0,105,88,80,77,79,59,59.0,67,64,68,72,64,46,44,56,34,39,34,28,36,31,40,18,26,25,24,28,24,26,17,20,14,28,13,15,12,20,13,10,12,9,24,11,12,14,8.0,6,4,5,8,5,..,4,..,..,..,0,4,..,4,..,7
148,,,,נשים,4638,123.0,112.0,146.0,124.0,121,119.0,119.0,105,124.0,108.0,95,107.0,96.0,87,101,93,79,75,94,108.0,110.0,92.0,113.0,75.0,88,80.0,103,73,73.0,68,80,73,75,50,71,70.0,74,74,40,60,57,53,46,46,37,47,38,31,35,29,40,25,25,22,25,24,23,20,16,31,17,25,8,23,16,24,16,14,23,15,8,17,10,21,9.0,5,5,6,13,..,..,5,..,..,..,..,0,..,0,..,..
149,,,כנרת,"סה""כ",27737,682.0,768.0,665.0,719.0,729,704.0,714.0,800,694.0,731.0,674,656.0,690.0,582,662,571,573,586,584,517.0,524.0,534.0,523.0,514.0,490,491.0,471,420,477.0,471,459,432,403,413,394,387.0,399,395,341,347,325,311,267,278,255,235,264,228,217,180,206,220,102,163,143,168,129,115,140,126,112,114,108,99,84,104,72,74,64,52,33,97,29,59,26.0,37,37,30,53,11,22,36,4,34,8,12,13,9,18,7,21
150,,,,גברים,14172,357.0,391.0,355.0,369.0,370,345.0,377.0,378,350.0,393.0,353,345.0,369.0,303,360,304,296,301,313,274.0,272.0,271.0,260.0,240.0,252,244.0,236,213,249.0,233,223,223,213,200,185,202.0,189,205,192,174,172,157,139,151,129,124,144,115,123,90,114,97,46,81,67,95,71,53,78,69,65,56,50,50,41,32,32,29,34,26,15,45,14,18,12.0,21,16,12,16,4,9,12,..,10,..,9,12,8,9,5,10
151,,,,נשים,13565,325.0,377.0,310.0,350.0,359,359.0,337.0,422,344.0,338.0,321,311.0,321.0,279,302,267,277,285,271,243.0,252.0,263.0,263.0,274.0,238,247.0,235,207,228.0,238,236,209,190,213,209,185.0,210,190,149,173,153,154,128,127,126,111,120,113,94,90,92,123,56,82,76,73,58,62,62,57,47,58,58,49,43,72,40,45,30,26,18,52,15,41,14.0,16,21,18,37,7,13,24,..,24,5,..,..,..,9,..,11
152,,,יזרעאל,"סה""כ",205083,6349.0,6318.0,6065.0,6128.0,5725,5610.0,5946.0,5415,5309.0,5137.0,5126,4911.0,4772.0,4538,4367,3994,3868,3858,3910,3381.0,3356.0,3374.0,3698.0,3810.0,3733,3786.0,3561,3577,3475.0,3332,3275,3122,3104,2885,2846,2841.0,2897,2709,2678,2549,2330,2265,2020,2004,1829,1791,1743,1632,1536,1473,1362,1401,816,1033,903,1113,1093,1070,928,882,752,895,630,851,576,745,622,525,495,413,351,482,235,440,200.0,255,178,210,307,158,117,190,74,207,64,73,65,53,105,48,208
153,,,,גברים,103923,3259.0,3260.0,3117.0,3193.0,2976,2875.0,3025.0,2784,2756.0,2639.0,2585,2481.0,2458.0,2333,2192,2089,1961,1913,1938,1715.0,1686.0,1634.0,1895.0,1862.0,1916,1962.0,1807,1837,1787.0,1715,1701,1537,1522,1468,1448,1461.0,1485,1376,1347,1246,1163,1136,1037,1015,923,863,875,835,780,736,673,717,387,527,468,581,567,510,475,452,409,474,324,432,288,379,271,219,192,190,169,215,117,135,108.0,103,75,92,95,64,59,85,42,67,42,52,44,33,42,28,117
154,,,,נשים,101160,3090.0,3058.0,2948.0,2935.0,2749,2735.0,2921.0,2631,2553.0,2498.0,2541,2430.0,2314.0,2205,2175,1905,1907,1945,1972,1666.0,1670.0,1740.0,1803.0,1948.0,1817,1824.0,1754,1740,1688.0,1617,1574,1585,1582,1417,1398,1380.0,1412,1333,1331,1303,1167,1129,983,989,906,928,868,797,756,737,689,684,429,506,435,532,526,560,453,430,343,421,306,419,288,366,351,306,303,223,182,267,118,305,92.0,152,103,118,212,94,58,105,32,140,22,21,21,20,63,20,91
155,,,עכו,"סה""כ",305572,8975.0,8909.0,8550.0,8566.0,8016,8029.0,8544.0,7834,8072.0,7658.0,7724,7437.0,7054.0,6823,6383,6148,6099,6070,6034,5455.0,5182.0,5367.0,5591.0,5528.0,5607,5560.0,5557,5474,5383.0,5176,4772,4932,4760,4548,4318,4402.0,4334,4249,3873,3755,3456,3428,3177,2964,2681,2502,2471,2324,2331,2112,2150,1948,1091,1358,1291,1588,1545,1488,1390,1308,1180,1400,921,1246,823,1191,907,741,813,651,447,783,368,799,311.0,361,372,316,569,252,133,225,89,362,79,115,97,107,181,74,308
156,,,,גברים,155369,4637.0,4558.0,4437.0,4390.0,4039,4127.0,4266.0,4099,4204.0,4006.0,4017,3761.0,3630.0,3550,3161,3097,3218,3050,3084,2762.0,2660.0,2687.0,2788.0,2772.0,2791,2848.0,2768,2759,2674.0,2585,2441,2523,2444,2310,2200,2248.0,2265,2115,1933,1911,1739,1757,1617,1536,1345,1317,1235,1217,1205,1114,1045,991,569,708,641,784,782,756,683,644,640,697,476,632,430,577,416,364,383,311,229,331,168,287,177.0,160,168,149,158,130,78,110,60,112,53,86,69,77,88,51,202
157,,,,נשים,150203,4338.0,4351.0,4113.0,4176.0,3977,3902.0,4278.0,3735,3868.0,3652.0,3707,3676.0,3424.0,3273,3222,3051,2881,3020,2950,2693.0,2522.0,2680.0,2803.0,2756.0,2816,2712.0,2789,2715,2709.0,2591,2331,2409,2316,2238,2118,2154.0,2069,2134,1940,1844,1717,1671,1560,1428,1336,1185,1236,1107,1126,998,1105,957,522,650,650,804,763,732,707,664,540,703,445,614,393,614,491,377,430,340,218,452,200,512,134.0,201,204,167,411,122,55,115,29,250,26,29,28,30,93,23,106
158,,,גולן,"סה""כ",19529,525.0,502.0,467.0,462.0,433,502.0,465.0,430,407.0,423.0,395,386.0,370.0,371,375,375,374,400,363,414.0,394.0,387.0,446.0,405.0,440,448.0,426,391,425.0,417,457,372,300,319,280,236.0,244,268,242,213,190,256,176,221,170,128,160,162,148,107,137,150,150,119,151,90,103,73,74,87,58,69,57,46,81,51,43,55,49,59,68,43,53,32,42.0,24,41,22,21,29,15,32,26,15,22,14,..,12,4,14,32
159,,,,גברים,9989,291.0,283.0,234.0,239.0,219,262.0,234.0,236,200.0,199.0,194,204.0,182.0,183,195,190,196,203,183,211.0,188.0,212.0,218.0,198.0,196,227.0,214,199,230.0,227,225,190,153,163,149,119.0,131,131,117,118,108,125,92,119,81,65,92,74,80,64,66,68,78,67,61,44,59,35,47,37,19,30,37,25,28,27,20,27,27,22,39,23,24,16,14.0,14,24,11,13,17,13,16,20,13,12,10,..,8,..,7,25
160,,,,נשים,9540,234.0,219.0,233.0,223.0,214,240.0,231.0,194,207.0,224.0,201,182.0,188.0,188,180,185,178,197,180,203.0,206.0,175.0,228.0,207.0,244,221.0,212,192,195.0,190,232,182,147,156,131,117.0,113,137,125,95,82,131,84,102,89,63,68,88,68,43,71,82,72,52,90,46,44,38,27,50,39,39,20,21,53,24,23,28,22,37,29,20,29,16,28.0,10,17,11,8,12,..,16,6,..,10,4,..,4,..,7,7
161,,מחוז חיפה,סך הכל,"סה""כ",180736,5357.0,5905.0,5691.0,5177.0,5032,4755.0,4756.0,4409,4410.0,4308.0,4128,3965.0,3850.0,3693,3495,3372,3353,3593,3408,3405.0,3249.0,3332.0,3346.0,3274.0,3327,3438.0,3328,3235,3313.0,3018,2850,2922,2739,2558,2563,2567.0,2539,2544,2455,2214,2124,2113,1936,1842,1636,1610,1572,1428,1429,1324,1217,1190,822,904,900,987,955,967,812,845,766,728,654,613,542,718,491,484,449,367,390,348,371,306,230.0,206,175,253,192,108,81,112,111,107,55,48,40,79,36,41,149
162,,,,גברים,92115,2712.0,3015.0,2949.0,2582.0,2612,2438.0,2465.0,2248,2310.0,2211.0,2100,2055.0,1899.0,1864,1758,1715,1657,1884,1708,1787.0,1669.0,1702.0,1671.0,1719.0,1697,1736.0,1718,1711,1676.0,1564,1473,1515,1439,1291,1352,1315.0,1342,1331,1233,1119,1072,1113,978,954,864,793,810,734,705,630,574,602,414,446,430,483,462,476,396,410,420,360,369,290,249,353,232,208,209,170,178,162,138,154,122.0,96,97,91,81,57,48,55,44,61,34,34,23,45,20,30,97
163,,,,נשים,88621,2645.0,2890.0,2742.0,2595.0,2420,2317.0,2291.0,2161,2100.0,2097.0,2028,1910.0,1951.0,1829,1737,1657,1696,1709,1700,1618.0,1580.0,1630.0,1675.0,1555.0,1630,1702.0,1610,1524,1637.0,1454,1377,1407,1300,1267,1211,1252.0,1197,1213,1222,1095,1052,1000,958,888,772,817,762,694,724,694,643,588,408,458,470,504,493,491,416,435,346,368,285,323,293,365,259,276,240,197,212,186,233,152,108.0,110,78,162,111,51,33,57,67,46,21,14,17,34,16,11,52
164,,,חיפה,"סה""כ",50007,1008.0,1071.0,1049.0,1034.0,1034,1047.0,1020.0,1012,991.0,1043.0,1007,1023.0,1031.0,968,935,864,901,938,921,1034.0,984.0,1054.0,947.0,897.0,949,963.0,978,956,951.0,867,780,862,803,738,757,775.0,786,761,745,716,711,686,632,667,526,556,515,485,503,472,444,434,294,345,315,339,314,326,276,264,273,269,243,268,191,300,196,189,188,169,139,175,108,165,83.0,83,80,83,117,47,30,51,22,53,24,20,17,28,21,19,52
165,,,,גברים,25419,500.0,524.0,537.0,533.0,542,525.0,561.0,500,527.0,546.0,483,544.0,525.0,477,463,408,444,496,432,553.0,510.0,559.0,490.0,471.0,520,500.0,519,489,492.0,440,405,417,394,354,403,414.0,417,402,373,358,364,354,319,340,283,258,271,259,241,215,227,219,155,177,156,183,148,154,133,117,162,127,137,121,84,141,86,88,95,78,67,74,56,79,46.0,28,46,35,39,21,15,21,13,29,14,15,12,13,12,13,32
166,,,,נשים,24588,508.0,547.0,512.0,501.0,492,522.0,459.0,512,464.0,497.0,524,479.0,506.0,491,472,456,457,442,489,481.0,474.0,495.0,457.0,426.0,429,463.0,459,467,459.0,427,375,445,409,384,354,361.0,369,359,372,358,347,332,313,327,243,298,244,226,262,257,217,215,139,168,159,156,166,172,143,147,111,142,106,147,107,159,110,101,93,91,72,101,52,86,37.0,55,34,48,78,26,15,30,9,24,10,5,5,15,9,6,20
167,,,חדרה,"סה""כ",130729,4349.0,4834.0,4642.0,4143.0,3998,3708.0,3736.0,3397,3419.0,3265.0,3121,2942.0,2819.0,2725,2560,2508,2452,2655,2487,2371.0,2265.0,2278.0,2399.0,2377.0,2378,2475.0,2350,2279,2362.0,2151,2070,2060,1936,1820,1806,1792.0,1753,1783,1710,1498,1413,1427,1304,1175,1110,1054,1057,943,926,852,773,756,528,559,585,648,641,641,536,581,493,459,411,345,351,418,295,295,261,198,251,173,263,141,147.0,123,95,170,75,61,51,61,89,54,31,28,23,51,15,22,97
168,,,,גברים,66696,2212.0,2491.0,2412.0,2049.0,2070,1913.0,1904.0,1748,1783.0,1665.0,1617,1511.0,1374.0,1387,1295,1307,1213,1388,1276,1234.0,1159.0,1143.0,1181.0,1248.0,1177,1236.0,1199,1222,1184.0,1124,1068,1098,1045,937,949,901.0,925,929,860,761,708,759,659,614,581,535,539,475,464,415,347,383,259,269,274,300,314,322,263,293,258,233,232,169,165,212,146,120,114,92,111,88,82,75,76.0,68,51,56,42,36,33,34,31,32,20,19,11,32,8,17,65
169,,,,נשים,64033,2137.0,2343.0,2230.0,2094.0,1928,1795.0,1832.0,1649,1636.0,1600.0,1504,1431.0,1445.0,1338,1265,1201,1239,1267,1211,1137.0,1106.0,1135.0,1218.0,1129.0,1201,1239.0,1151,1057,1178.0,1027,1002,962,891,883,857,891.0,828,854,850,737,705,668,645,561,529,519,518,468,462,437,426,373,269,290,311,348,327,319,273,288,235,226,179,176,186,206,149,175,147,106,140,85,181,66,71.0,55,44,114,33,25,18,27,58,22,11,9,12,19,7,5,32
170,,מחוז מרכז,סך הכל,"סה""כ",118977,4087.0,4030.0,3878.0,3939.0,3689,3554.0,3440.0,3266,3055.0,3011.0,2885,2805.0,2715.0,2543,2391,2229,2357,2213,2269,2032.0,1927.0,2002.0,2165.0,2029.0,2135,2074.0,2086,1986,2090.0,2023,1929,1827,1680,1641,1594,1608.0,1618,1591,1468,1439,1380,1327,1132,1083,1035,968,1004,811,851,768,675,750,492,578,642,560,661,579,526,537,367,441,352,406,349,345,293,341,247,280,213,225,246,116,142.0,80,148,200,48,51,39,70,80,24,26,11,35,32,10,13,88
171,,,,גברים,61241,2148.0,2108.0,1988.0,2047.0,1860,1866.0,1793.0,1644,1606.0,1563.0,1495,1449.0,1375.0,1318,1264,1115,1223,1131,1202,1042.0,1011.0,1013.0,1110.0,1029.0,1073,1102.0,1083,1054,1139.0,1040,1009,929,876,883,810,847.0,870,817,732,777,740,683,619,519,549,461,509,410,446,365,326,348,213,286,317,303,340,286,245,264,189,237,187,234,170,151,136,160,118,130,104,98,99,66,77.0,44,56,80,29,24,25,22,16,15,15,8,11,12,5,6,47
172,,,,נשים,57736,1939.0,1922.0,1890.0,1892.0,1829,1688.0,1647.0,1622,1449.0,1448.0,1390,1356.0,1340.0,1225,1127,1114,1134,1082,1067,990.0,916.0,989.0,1055.0,1000.0,1062,972.0,1003,932,951.0,983,920,898,804,758,784,761.0,748,774,736,662,640,644,513,564,486,507,495,401,405,403,349,402,279,292,325,257,321,293,281,273,178,204,165,172,179,194,157,181,129,150,109,127,147,50,65.0,36,92,120,19,27,14,48,64,9,11,..,24,20,5,7,41
173,,,השרון,"סה""כ",68468,2148.0,2115.0,2027.0,2134.0,1989,1907.0,1818.0,1825,1701.0,1662.0,1620,1575.0,1566.0,1449,1400,1299,1381,1297,1303,1160.0,1082.0,1157.0,1228.0,1181.0,1221,1155.0,1213,1105,1210.0,1135,1098,1087,939,977,920,967.0,934,988,889,859,884,856,730,661,626,617,636,527,519,486,414,453,296,345,404,367,415,363,340,371,242,287,244,267,228,200,175,209,174,181,146,141,176,78,98.0,50,99,136,24,26,29,41,49,16,14,5,23,15,..,5,56
174,,,,גברים,35098,1112.0,1132.0,1021.0,1101.0,1022,1001.0,950.0,927,895.0,857.0,839,774.0,811.0,787,739,664,728,674,692,595.0,571.0,590.0,606.0,616.0,631,609.0,647,581,653.0,574,555,530,475,527,438,497.0,486,494,419,464,463,426,386,313,329,293,318,260,253,230,195,223,141,181,213,201,210,169,153,173,130,153,134,167,115,84,70,99,82,86,69,59,69,48,58.0,28,41,52,16,10,21,12,10,11,10,4,7,5,..,..,29
175,,,,נשים,33370,1036.0,983.0,1006.0,1033.0,967,906.0,868.0,898,806.0,805.0,781,801.0,755.0,662,661,635,653,623,611,565.0,511.0,567.0,622.0,565.0,590,546.0,566,524,557.0,561,543,557,464,450,482,470.0,448,494,470,395,421,430,344,348,297,324,318,267,266,256,219,230,155,164,191,166,205,194,187,198,112,134,110,100,113,116,105,110,92,95,77,82,107,30,40.0,22,58,84,8,16,8,29,39,5,4,..,16,10,..,..,27
176,,,פתח תקווה,"סה""כ",24381,874.0,841.0,892.0,797.0,819,806.0,803.0,689,682.0,681.0,646,614.0,584.0,533,476,461,446,456,430,423.0,405.0,364.0,420.0,383.0,415,445.0,402,425,427.0,434,425,368,334,338,367,295.0,340,292,308,294,262,231,229,198,213,179,162,134,170,138,115,144,100,116,108,98,121,106,94,70,63,76,54,72,55,69,61,73,29,59,33,39,37,12,23.0,16,32,40,13,6,6,15,21,..,6,..,6,11,..,7,18
177,,,,גברים,12586,492.0,431.0,468.0,425.0,412,427.0,419.0,318,364.0,359.0,326,343.0,290.0,258,249,228,222,225,214,205.0,220.0,179.0,229.0,181.0,202,237.0,193,230,226.0,232,227,207,193,177,191,157.0,182,156,167,167,142,132,135,92,104,85,83,77,102,58,58,63,39,57,48,49,64,53,49,37,32,41,23,41,24,32,32,33,13,25,15,14,13,7,11.0,9,9,15,7,..,..,..,..,..,..,..,..,4,0,..,9
178,,,,נשים,11795,382.0,410.0,424.0,372.0,407,379.0,384.0,371,318.0,322.0,320,271.0,294.0,275,227,233,224,231,216,218.0,185.0,185.0,191.0,202.0,213,208.0,209,195,201.0,202,198,161,141,161,176,138.0,158,136,141,127,120,99,94,106,109,94,79,57,68,80,57,81,61,59,60,49,57,53,45,33,31,35,31,31,31,37,29,40,16,34,18,25,24,5,12.0,7,23,25,6,..,..,13,18,..,4,..,..,7,..,4,9
179,,,רמלה,"סה""כ",25392,1031.0,1047.0,936.0,987.0,867,829.0,803.0,741,657.0,651.0,607,600.0,551.0,548,499,462,517,457,523,424.0,418.0,459.0,493.0,440.0,479,455.0,450,437,436.0,437,394,361,402,313,302,338.0,330,305,267,278,225,239,173,217,189,168,202,147,157,138,142,144,92,116,125,93,123,105,87,92,59,73,53,65,63,74,56,59,45,39,32,44,29,24,21.0,13,16,23,10,18,4,15,10,6,5,..,6,5,4,..,12
180,,,,גברים,13157,528.0,532.0,485.0,511.0,419,432.0,416.0,394,338.0,341.0,323,325.0,269.0,270,269,221,269,233,286,225.0,211.0,233.0,257.0,213.0,230,244.0,230,230,248.0,221,221,190,206,171,180,185.0,190,161,143,140,130,126,99,114,111,79,105,71,88,74,70,60,32,48,54,52,65,60,41,50,24,38,29,26,29,36,33,28,24,19,18,25,16,10,8.0,6,6,12,6,10,..,8,..,..,..,..,..,..,..,0,8
181,,,,נשים,12235,503.0,515.0,451.0,476.0,448,397.0,387.0,347,319.0,310.0,284,275.0,282.0,278,230,241,248,224,237,199.0,207.0,226.0,236.0,227.0,249,211.0,220,207,188.0,216,173,171,196,142,122,153.0,140,144,124,138,95,113,74,103,78,89,97,76,69,64,72,84,60,68,71,41,58,45,46,42,35,35,24,39,34,38,23,31,21,20,14,19,13,14,13.0,7,10,11,4,8,..,7,7,..,..,..,5,..,..,..,4
182,,,רחובות,"סה""כ",736,34.0,27.0,23.0,21.0,14,12.0,16.0,11,15.0,17.0,12,16.0,14.0,13,16,7,13,..,13,25.0,22.0,22.0,24.0,25.0,20,19.0,21,19,17.0,17,12,11,5,13,5,8.0,14,6,4,8,9,..,0,7,7,4,4,..,5,6,4,9,4,..,5,..,..,5,5,4,..,5,..,..,..,..,..,0,..,..,..,..,4,..,0.0,..,..,..,..,..,0,..,0,0,..,0,0,..,..,0,..
183,,,,גברים,400,16.0,13.0,14.0,10.0,7,6.0,8.0,5,9.0,6.0,7,7.0,5.0,..,7,..,4,..,10,17.0,9.0,11.0,18.0,19.0,10,12.0,13,13,12.0,13,6,..,..,8,..,8.0,12,6,..,6,5,..,..,0,5,4,..,..,..,..,..,..,..,0,..,..,..,4,..,4,..,5,..,0,..,..,..,0,..,0,..,0,..,..,0.0,..,0,..,0,..,0,0,0,0,0,0,0,0,0,0,..
184,,,,נשים,336,18.0,14.0,9.0,11.0,7,6.0,8.0,6,6.0,11.0,5,9.0,9.0,10,9,5,9,4,..,8.0,13.0,11.0,6.0,6.0,10,7.0,8,6,5.0,4,6,9,..,5,4,0.0,..,0,..,..,4,..,..,7,..,0,..,..,..,..,..,7,..,..,..,..,..,..,..,0,0,0,0,..,..,..,0,0,0,..,0,..,..,..,0.0,0,..,0,..,0,0,..,0,0,..,0,0,..,..,0,..
185,,מחוז תל אביב,סך הכל,"סה""כ",14792,365.0,426.0,421.0,420.0,406,346.0,355.0,313,287.0,292.0,286,278.0,275.0,274,319,297,286,305,292,302.0,307.0,261.0,299.0,287.0,289,296.0,271,272,281.0,234,227,231,229,203,200,245.0,237,226,218,188,195,203,153,168,134,174,142,148,142,123,153,118,79,94,81,85,72,75,75,53,58,75,60,41,44,81,45,45,42,39,21,40,25,27,17.0,20,8,8,13,9,7,7,..,11,..,..,0,..,..,..,18
186,,,,גברים,7715,184.0,206.0,228.0,211.0,203,190.0,198.0,148,146.0,146.0,163,144.0,142.0,128,155,160,140,158,150,159.0,177.0,150.0,158.0,136.0,141,170.0,134,152,154.0,134,106,135,132,109,105,135.0,142,130,116,103,94,113,72,83,67,97,65,76,70,58,85,62,39,49,42,38,30,40,39,24,34,47,35,23,17,32,25,15,16,19,11,22,14,12,13.0,12,..,..,7,4,5,5,..,5,..,..,0,..,..,..,12
187,,,,נשים,7077,181.0,220.0,193.0,209.0,203,156.0,157.0,165,141.0,146.0,123,134.0,133.0,146,164,137,146,147,142,143.0,130.0,111.0,141.0,151.0,148,126.0,137,120,127.0,100,121,96,97,94,95,110.0,95,96,102,85,101,90,81,85,67,77,77,72,72,65,68,56,40,45,39,47,42,35,36,29,24,28,25,18,27,49,20,30,26,20,10,18,11,15,4.0,8,7,5,6,5,..,..,..,6,4,..,0,..,..,..,6
188,,מחוז דרום,סך הכל,"סה""כ",122454,6592.0,6078.0,5805.0,5992.0,5485,5316.0,4710.0,4531,4341.0,4091.0,3712,3529.0,3197.0,3037,2774,2516,2474,2298,2459,2270.0,2212.0,2127.0,2259.0,2140.0,1962,1987.0,1873,1689,1622.0,1589,1543,1399,1302,1085,962,940.0,1006,870,747,816,675,775,511,615,515,527,502,384,417,391,308,411,277,340,306,318,401,293,334,310,255,241,235,89,196,133,137,134,82,114,89,121,120,38,51.0,33,36,119,33,31,24,46,49,..,11,7,9,29,13,6,23
189,,,,גברים,62286,3434.0,3156.0,2955.0,3105.0,2784,2748.0,2372.0,2354,2258.0,2084.0,1883,1827.0,1620.0,1552,1398,1327,1251,1194,1253,1155.0,1119.0,1070.0,1164.0,1095.0,1033,1041.0,944,850,808.0,798,791,667,666,554,472,485.0,474,417,365,411,345,393,254,294,231,233,217,181,189,181,129,168,138,150,129,151,184,151,172,163,126,123,120,44,104,68,54,86,42,60,40,70,67,18,24.0,12,19,44,23,18,13,26,25,..,7,8,..,26,5,..,20
190,,,,נשים,60168,3158.0,2922.0,2850.0,2887.0,2701,2568.0,2338.0,2177,2083.0,2007.0,1829,1702.0,1577.0,1485,1376,1189,1223,1104,1206,1115.0,1093.0,1057.0,1095.0,1045.0,929,946.0,929,839,814.0,791,752,732,636,531,490,455.0,532,453,382,405,330,382,257,321,284,294,285,203,228,210,179,243,139,190,177,167,217,142,162,147,129,118,115,45,92,65,83,48,40,54,49,51,53,20,27.0,21,17,75,10,13,11,20,24,0,4,..,6,..,8,5,..
191,,,אשקלון,"סה""כ",742,18.0,13.0,14.0,14.0,8,12.0,13.0,12,11.0,10.0,5,7.0,0.0,..,4,..,0,0,6,20.0,35.0,18.0,52.0,57.0,24,43.0,42,28,22.0,27,21,26,16,8,16,15.0,12,11,13,10,12,7,..,7,0,..,..,4,..,0,..,..,5,..,..,..,4,4,..,5,0,..,..,..,..,..,0,..,0,0,..,..,0,..,0.0,0,0,0,0,..,0,0,0,0,0,0,0,0,0,0,0
192,,,,גברים,595,10.0,5.0,8.0,6.0,5,6.0,7.0,9,4.0,6.0,..,7.0,0.0,..,..,..,..,..,..,16.0,23.0,13.0,52.0,47.0,22,39.0,41,27,18.0,25,20,25,13,6,15,15.0,7,10,12,8,9,8,0,6,..,4,..,4,..,..,..,..,5,..,0,..,4,..,..,..,0,..,..,..,..,0,..,..,0,0,0,..,0,0,0.0,0,0,0,0,0,0,0,0,0,0,0,0,0,0,0,0
193,,,,נשים,147,8.0,8.0,6.0,8.0,..,6.0,6.0,..,7.0,4.0,..,0.0,0.0,..,..,..,..,..,..,4.0,12.0,5.0,0.0,10.0,..,4.0,..,..,4.0,..,..,..,..,..,..,0.0,5,..,..,..,..,..,..,..,..,..,..,0,..,..,..,0,0,0,..,..,0,..,0,..,0,0,..,0,0,..,..,0,0,0,..,0,0,..,0.0,0,0,0,0,..,0,0,0,0,0,0,0,0,0,0,0
194,,,באר שבע,"סה""כ",121712,6574.0,6065.0,5791.0,5978.0,5477,5304.0,4697.0,4519,4330.0,4081.0,3707,3522.0,3197.0,3035,2770,2514,2474,2298,2453,2250.0,2177.0,2109.0,2207.0,2083.0,1938,1944.0,1831,1661,1600.0,1562,1522,1373,1286,1077,946,925.0,994,859,734,806,663,768,510,608,515,524,504,380,414,391,306,410,272,339,304,316,397,289,332,305,255,240,233,88,194,131,137,133,82,114,88,119,120,39,51.0,33,36,119,33,30,24,46,49,..,11,7,9,29,13,6,23
195,,,,גברים,61691,3424.0,3151.0,2947.0,3099.0,2779,2742.0,2365.0,2345,2254.0,2078.0,1881,1820.0,1620.0,1553,1396,1326,1250,1197,1250,1139.0,1096.0,1057.0,1112.0,1048.0,1011,1002.0,903,823,790.0,773,771,642,653,548,457,470.0,467,407,353,403,336,385,254,288,230,229,218,177,188,180,128,167,133,149,129,150,180,148,170,160,126,122,119,43,102,68,53,85,42,60,40,68,67,18,24.0,12,19,44,23,18,13,26,25,..,7,8,..,26,5,..,20
196,,,,נשים,60021,3150.0,2914.0,2844.0,2879.0,2698,2562.0,2332.0,2174,2076.0,2003.0,1826,1702.0,1577.0,1482,1374,1188,1224,1101,1203,1111.0,1081.0,1052.0,1095.0,1035.0,927,942.0,928,838,810.0,789,751,731,633,529,489,455.0,527,452,381,403,327,383,256,320,285,295,286,203,226,211,178,243,139,190,175,166,217,141,162,145,129,118,114,45,92,63,84,48,40,54,48,51,53,21,27.0,21,17,75,10,12,11,20,24,0,4,..,6,..,8,5,..
