,date,amount,amountVirusDiagnosis,amountPersonTested,amountMagen,positiveAmount,positiveRate
0,2020-02-20 00:00:00+00:00,29,29,28,0,0,0.0
1,2020-02-21 00:00:00+00:00,28,28,28,0,1,3.57
2,2020-02-22 00:00:00+00:00,13,13,13,0,0,0.0
3,2020-02-23 00:00:00+00:00,56,56,56,0,0,0.0
4,2020-02-24 00:00:00+00:00,75,74,71,0,1,1.41
5,2020-02-25 00:00:00+00:00,108,108,108,0,0,0.0
6,2020-02-26 00:00:00+00:00,108,108,107,0,0,0.0
7,2020-02-27 00:00:00+00:00,171,171,139,0,2,1.44
8,2020-02-28 00:00:00+00:00,118,118,118,0,3,2.54
9,2020-02-29 00:00:00+00:00,158,158,158,0,0,0.0
10,2020-03-01 00:00:00+00:00,187,178,161,0,2,1.24
11,2020-03-02 00:00:00+00:00,171,170,170,0,5,2.94
12,2020-03-03 00:00:00+00:00,235,227,227,0,3,1.32
13,2020-03-04 00:00:00+00:00,129,128,127,0,0,0.0
14,2020-03-05 00:00:00+00:00,173,165,164,0,15,9.15
15,2020-03-06 00:00:00+00:00,274,274,273,0,5,1.83
16,2020-03-07 00:00:00+00:00,336,324,322,0,4,1.24
17,2020-03-08 00:00:00+00:00,421,417,415,0,11,2.65
18,2020-03-09 00:00:00+00:00,518,515,509,0,6,1.18
19,2020-03-10 00:00:00+00:00,520,495,489,1,37,7.57
20,2020-03-11 00:00:00+00:00,401,376,371,0,21,5.66
21,2020-03-12 00:00:00+00:00,607,594,588,0,23,3.91
22,2020-03-13 00:00:00+00:00,694,689,685,0,36,5.26
23,2020-03-14 00:00:00+00:00,614,611,604,0,32,5.3
24,2020-03-15 00:00:00+00:00,1183,1125,1092,0,46,4.21
25,2020-03-16 00:00:00+00:00,1344,1320,1253,0,81,6.46
26,2020-03-17 00:00:00+00:00,1646,1565,1490,1,99,6.64
27,2020-03-18 00:00:00+00:00,2106,1990,1948,0,128,6.57
28,2020-03-19 00:00:00+00:00,2076,1983,1894,0,145,7.66
29,2020-03-20 00:00:00+00:00,2317,2231,2210,0,185,8.37
30,2020-03-21 00:00:00+00:00,2108,2066,2060,0,218,10.58
31,2020-03-22 00:00:00+00:00,3226,3096,3043,1,264,8.68
32,2020-03-23 00:00:00+00:00,3523,3397,3354,1,359,10.7
33,2020-03-24 00:00:00+00:00,4667,4518,4457,0,433,9.72
34,2020-03-25 00:00:00+00:00,5925,5776,5741,0,431,7.51
35,2020-03-26 00:00:00+00:00,6457,6236,6185,1,529,8.55
36,2020-03-27 00:00:00+00:00,5739,5572,5539,1,440,7.94
37,2020-03-28 00:00:00+00:00,5739,5534,5489,1,488,8.89
38,2020-03-29 00:00:00+00:00,7566,7227,7183,2,539,7.5
39,2020-03-30 00:00:00+00:00,7100,6821,6757,0,557,8.24
40,2020-03-31 00:00:00+00:00,7988,7530,7464,0,749,10.03
41,2020-04-01 00:00:00+00:00,9008,8577,8507,7,706,8.3
42,2020-04-02 00:00:00+00:00,10228,9469,9393,3,739,7.87
43,2020-04-03 00:00:00+00:00,10330,9781,9696,2,605,6.24
44,2020-04-04 00:00:00+00:00,6355,5988,5950,1,441,7.41
45,2020-04-05 00:00:00+00:00,9396,8779,8724,0,601,6.89
46,2020-04-06 00:00:00+00:00,7498,6768,6712,0,457,6.81
47,2020-04-07 00:00:00+00:00,6967,6176,6140,0,382,6.22
48,2020-04-08 00:00:00+00:00,5879,4949,4889,156,343,7.02
49,2020-04-09 00:00:00+00:00,5748,5001,4954,263,351,7.09
50,2020-04-10 00:00:00+00:00,7347,6326,6256,505,364,5.82
51,2020-04-11 00:00:00+00:00,6702,5763,5712,945,360,6.3
52,2020-04-12 00:00:00+00:00,10598,8524,8407,1253,570,6.78
53,2020-04-13 00:00:00+00:00,10950,9184,8983,972,448,4.99
54,2020-04-14 00:00:00+00:00,12678,10961,10740,1103,409,3.81
55,2020-04-15 00:00:00+00:00,9450,7797,7659,159,318,4.15
56,2020-04-16 00:00:00+00:00,12788,11211,11090,183,303,2.73
57,2020-04-17 00:00:00+00:00,11594,9968,9889,305,307,3.1
58,2020-04-18 00:00:00+00:00,10606,8958,8881,1300,294,3.31
59,2020-04-19 00:00:00+00:00,11479,9996,9890,1575,291,2.94
60,2020-04-20 00:00:00+00:00,15365,13293,13189,3021,312,2.37
61,2020-04-21 00:00:00+00:00,13612,11634,11554,3057,289,2.5
62,2020-04-22 00:00:00+00:00,13293,11770,11690,2633,226,1.93
63,2020-04-23 00:00:00+00:00,14183,12258,12128,2221,281,2.32
64,2020-04-24 00:00:00+00:00,12628,10478,10383,2497,251,2.42
65,2020-04-25 00:00:00+00:00,9077,7357,7302,145,164,2.25
66,2020-04-26 00:00:00+00:00,8464,7341,7262,280,93,1.28
67,2020-04-27 00:00:00+00:00,11548,9419,9337,10,133,1.42
68,2020-04-28 00:00:00+00:00,10641,8816,8755,3,167,1.91
69,2020-04-29 00:00:00+00:00,8996,7392,7319,5,83,1.13
70,2020-04-30 00:00:00+00:00,9930,8592,8527,9,169,1.98
71,2020-05-01 00:00:00+00:00,11053,9220,9168,443,117,1.28
72,2020-05-02 00:00:00+00:00,5568,4760,4728,300,57,1.21
73,2020-05-03 00:00:00+00:00,8029,7398,7348,1184,27,0.37
74,2020-05-04 00:00:00+00:00,9260,7956,7904,1048,55,0.7
75,2020-05-05 00:00:00+00:00,8959,7689,7653,782,33,0.43
76,2020-05-06 00:00:00+00:00,9466,8545,8491,1922,66,0.78
77,2020-05-07 00:00:00+00:00,10119,9130,9093,967,62,0.68
78,2020-05-08 00:00:00+00:00,8157,7187,7154,374,33,0.46
79,2020-05-09 00:00:00+00:00,3869,3509,3484,165,20,0.57
80,2020-05-10 00:00:00+00:00,4944,4410,4362,274,29,0.66
81,2020-05-11 00:00:00+00:00,9215,7826,7776,1623,39,0.5
82,2020-05-12 00:00:00+00:00,7538,6681,6635,1146,23,0.35
83,2020-05-13 00:00:00+00:00,8272,7525,7440,2871,37,0.5
84,2020-05-14 00:00:00+00:00,8416,7677,7634,3158,22,0.29
85,2020-05-15 00:00:00+00:00,5696,5073,5050,1798,12,0.24
86,2020-05-16 00:00:00+00:00,1502,1343,1324,214,5,0.38
87,2020-05-17 00:00:00+00:00,4633,4219,4192,1126,15,0.36
88,2020-05-18 00:00:00+00:00,7692,6797,6763,1400,28,0.41
89,2020-05-19 00:00:00+00:00,7142,6502,6475,1713,22,0.34
90,2020-05-20 00:00:00+00:00,5968,5620,5589,904,15,0.27
91,2020-05-21 00:00:00+00:00,6165,5602,5556,755,21,0.38
92,2020-05-22 00:00:00+00:00,4995,4615,4585,1377,20,0.44
93,2020-05-23 00:00:00+00:00,718,670,661,0,5,0.76
94,2020-05-24 00:00:00+00:00,3808,3439,3376,248,13,0.39
95,2020-05-25 00:00:00+00:00,5333,4850,4817,512,23,0.48
96,2020-05-26 00:00:00+00:00,6819,6514,6475,1844,53,0.82
97,2020-05-27 00:00:00+00:00,6728,6441,6403,2039,41,0.64
98,2020-05-28 00:00:00+00:00,5353,5031,5018,1157,77,1.53
99,2020-05-29 00:00:00+00:00,1863,1803,1786,1,113,6.33
100,2020-05-30 00:00:00+00:00,1059,1041,1030,0,29,2.82
101,2020-05-31 00:00:00+00:00,5640,5499,5465,392,88,1.61
102,2020-06-01 00:00:00+00:00,8155,7907,7807,1303,104,1.33
103,2020-06-02 00:00:00+00:00,11757,11577,11510,1902,125,1.09
104,2020-06-03 00:00:00+00:00,13209,13042,12958,1938,99,0.76
105,2020-06-04 00:00:00+00:00,14899,14728,14545,787,141,0.97
106,2020-06-05 00:00:00+00:00,16474,16351,16244,1096,129,0.79
107,2020-06-06 00:00:00+00:00,11537,11442,11406,221,79,0.69
108,2020-06-07 00:00:00+00:00,15098,14891,14816,605,142,0.96
109,2020-06-08 00:00:00+00:00,14644,14488,14319,777,182,1.27
110,2020-06-09 00:00:00+00:00,15064,14867,14800,1542,175,1.18
111,2020-06-10 00:00:00+00:00,18484,18165,18083,1493,240,1.33
112,2020-06-11 00:00:00+00:00,15810,15565,15507,1146,193,1.24
113,2020-06-12 00:00:00+00:00,13132,12879,12788,1113,185,1.45
114,2020-06-13 00:00:00+00:00,6987,6847,6811,601,150,2.2
115,2020-06-14 00:00:00+00:00,8840,8635,8589,1179,139,1.62
116,2020-06-15 00:00:00+00:00,14436,14109,13927,1823,202,1.45
117,2020-06-16 00:00:00+00:00,16239,15923,15752,2236,300,1.9
118,2020-06-17 00:00:00+00:00,16024,15638,15558,1923,273,1.75
119,2020-06-18 00:00:00+00:00,17392,16939,16875,2977,303,1.8
120,2020-06-19 00:00:00+00:00,12787,12448,12399,1372,309,2.49
121,2020-06-20 00:00:00+00:00,6010,5778,5755,318,161,2.8
122,2020-06-21 00:00:00+00:00,9152,8908,8853,1169,174,1.97
123,2020-06-22 00:00:00+00:00,14009,13460,13408,997,347,2.59
124,2020-06-23 00:00:00+00:00,19847,19162,19101,3209,449,2.35
125,2020-06-24 00:00:00+00:00,18393,17869,17798,1777,491,2.76
126,2020-06-25 00:00:00+00:00,18666,17979,17821,2974,514,2.88
127,2020-06-26 00:00:00+00:00,16531,16120,15971,1973,463,2.9
128,2020-06-27 00:00:00+00:00,10489,10051,9795,695,407,4.16
129,2020-06-28 00:00:00+00:00,10389,9890,9748,503,385,3.95
130,2020-06-29 00:00:00+00:00,21017,20258,20097,2945,755,3.76
131,2020-06-30 00:00:00+00:00,20840,20145,19823,3179,789,3.98
132,2020-07-01 00:00:00+00:00,21460,20829,20708,2571,974,4.7
133,2020-07-02 00:00:00+00:00,25042,24265,24105,3588,1148,4.76
134,2020-07-03 00:00:00+00:00,20953,20466,20277,2817,945,4.66
135,2020-07-04 00:00:00+00:00,17308,16700,16456,1385,831,5.05
136,2020-07-05 00:00:00+00:00,21112,20276,20144,1662,835,4.15
137,2020-07-06 00:00:00+00:00,25601,24748,24654,3194,1138,4.62
138,2020-07-07 00:00:00+00:00,28634,27699,27593,3539,1391,5.04
139,2020-07-08 00:00:00+00:00,29420,28594,28455,3126,1336,4.7
140,2020-07-09 00:00:00+00:00,29988,28901,28775,3300,1533,5.33
141,2020-07-10 00:00:00+00:00,25829,24766,24697,3082,1416,5.73
142,2020-07-11 00:00:00+00:00,20468,19246,19186,1817,1175,6.12
143,2020-07-12 00:00:00+00:00,21763,20292,20203,2795,1238,6.13
144,2020-07-13 00:00:00+00:00,29247,27475,27321,4176,1728,6.32
145,2020-07-14 00:00:00+00:00,31751,29978,29833,7700,1610,5.4
146,2020-07-15 00:00:00+00:00,30692,27915,27731,4689,1885,6.8
147,2020-07-16 00:00:00+00:00,31078,28452,28333,7097,1941,6.85
148,2020-07-17 00:00:00+00:00,25732,23579,23497,5977,1609,6.85
149,2020-07-18 00:00:00+00:00,20457,18211,18142,4810,1453,8.01
150,2020-07-19 00:00:00+00:00,19846,17815,17739,5263,1018,5.74
151,2020-07-20 00:00:00+00:00,27608,24489,24368,5137,1893,7.77
152,2020-07-21 00:00:00+00:00,30177,26765,26580,7571,2011,7.57
153,2020-07-22 00:00:00+00:00,28807,25715,25616,5860,2041,7.97
154,2020-07-23 00:00:00+00:00,32536,29284,29172,8141,1993,6.83
155,2020-07-24 00:00:00+00:00,24400,22697,22520,5526,1830,8.13
156,2020-07-25 00:00:00+00:00,15486,14636,14574,4684,1118,7.67
157,2020-07-26 00:00:00+00:00,12204,11427,11349,423,1046,9.22
158,2020-07-27 00:00:00+00:00,28245,27244,27126,7411,2053,7.57
159,2020-07-28 00:00:00+00:00,26639,25769,25659,7934,2121,8.27
160,2020-07-29 00:00:00+00:00,26228,25455,25338,7375,1956,7.72
161,2020-07-30 00:00:00+00:00,21962,21222,21129,5027,1792,8.48
162,2020-07-31 00:00:00+00:00,22898,22141,22073,9892,1363,6.17
163,2020-08-01 00:00:00+00:00,7790,7456,7404,2466,629,8.5
164,2020-08-02 00:00:00+00:00,10087,9618,9522,576,713,7.49
165,2020-08-03 00:00:00+00:00,23468,22552,22461,7095,1809,8.05
166,2020-08-04 00:00:00+00:00,26099,25088,24990,9776,1731,6.93
167,2020-08-05 00:00:00+00:00,25792,24890,24797,8861,1696,6.84
168,2020-08-06 00:00:00+00:00,28767,27840,27765,12490,1674,6.03
169,2020-08-07 00:00:00+00:00,25310,24532,24468,9847,1762,7.2
170,2020-08-08 00:00:00+00:00,8583,8134,8077,2055,753,9.32
171,2020-08-09 00:00:00+00:00,12163,11543,11448,2458,925,8.08
172,2020-08-10 00:00:00+00:00,24368,23375,23293,8123,1701,7.3
173,2020-08-11 00:00:00+00:00,27667,26573,26472,10509,1818,6.87
174,2020-08-12 00:00:00+00:00,26232,25293,25203,10034,1618,6.42
175,2020-08-13 00:00:00+00:00,28891,27814,27707,13201,1644,5.93
176,2020-08-14 00:00:00+00:00,20915,20082,20000,7789,1383,6.92
177,2020-08-15 00:00:00+00:00,9396,8864,8806,2098,758,8.61
178,2020-08-16 00:00:00+00:00,12387,11622,11548,951,1051,9.1
179,2020-08-17 00:00:00+00:00,26061,24894,24779,8114,1651,6.66
180,2020-08-18 00:00:00+00:00,27899,26780,26667,10274,1654,6.2
181,2020-08-19 00:00:00+00:00,28401,27240,27125,9461,1647,6.07
182,2020-08-20 00:00:00+00:00,28854,27849,27618,10804,1491,5.4
183,2020-08-21 00:00:00+00:00,27218,26362,26219,9043,1501,5.72
184,2020-08-22 00:00:00+00:00,11059,10519,10461,2255,716,6.84
185,2020-08-23 00:00:00+00:00,13298,12607,12533,384,968,7.72
186,2020-08-24 00:00:00+00:00,30139,28801,28673,7339,1891,6.6
187,2020-08-25 00:00:00+00:00,34056,32819,32604,10687,1960,6.01
188,2020-08-26 00:00:00+00:00,34288,33104,32876,12418,1988,6.05
189,2020-08-27 00:00:00+00:00,36464,35227,34968,13333,2112,6.04
190,2020-08-28 00:00:00+00:00,23290,22355,22264,5108,1830,8.22
191,2020-08-29 00:00:00+00:00,10708,10170,10108,1565,902,8.92
192,2020-08-30 00:00:00+00:00,13553,12911,12817,2189,1099,8.57
193,2020-08-31 00:00:00+00:00,31969,30653,30491,7713,2181,7.15
194,2020-09-01 00:00:00+00:00,28468,27527,27349,7374,2251,8.23
195,2020-09-02 00:00:00+00:00,35980,34577,34434,10672,3192,9.27
196,2020-09-03 00:00:00+00:00,35228,33980,33771,10675,2664,7.89
197,2020-09-04 00:00:00+00:00,31548,30738,30612,8509,2627,8.58
198,2020-09-05 00:00:00+00:00,15944,15291,15196,2673,1507,9.92
199,2020-09-06 00:00:00+00:00,19671,18724,18638,437,2176,11.68
200,2020-09-07 00:00:00+00:00,41453,40015,39873,9900,3393,8.51
201,2020-09-08 00:00:00+00:00,45674,44398,44220,11282,3493,7.9
202,2020-09-09 00:00:00+00:00,46407,45108,44933,9513,3988,8.88
203,2020-09-10 00:00:00+00:00,48748,47379,46983,7792,4160,8.85
204,2020-09-11 00:00:00+00:00,43702,42783,42625,6830,3985,9.35
205,2020-09-12 00:00:00+00:00,30571,29783,29693,6681,2708,9.12
206,2020-09-13 00:00:00+00:00,34979,33874,33690,4887,3175,9.42
207,2020-09-14 00:00:00+00:00,48442,47165,46932,6703,4826,10.28
208,2020-09-15 00:00:00+00:00,57765,56307,55864,9016,5540,9.92
209,2020-09-16 00:00:00+00:00,54228,52957,52680,9804,4577,8.69
210,2020-09-17 00:00:00+00:00,58810,57459,56987,6260,5394,9.47
211,2020-09-18 00:00:00+00:00,54471,53235,52913,7329,5341,10.09
212,2020-09-19 00:00:00+00:00,42832,41771,41559,10705,3810,9.17
213,2020-09-20 00:00:00+00:00,24491,23508,23327,2545,2584,11.08
214,2020-09-21 00:00:00+00:00,34602,33428,33237,5752,3884,11.69
215,2020-09-22 00:00:00+00:00,63062,61077,60753,16207,7069,11.64
216,2020-09-23 00:00:00+00:00,59351,57734,57531,11970,7148,12.42
217,2020-09-24 00:00:00+00:00,67979,66155,65850,14699,8288,12.59
218,2020-09-25 00:00:00+00:00,62717,61218,61007,12331,8405,13.78
219,2020-09-26 00:00:00+00:00,46421,45054,44895,8387,5876,13.09
220,2020-09-27 00:00:00+00:00,25283,24195,24076,2194,3444,14.3
221,2020-09-28 00:00:00+00:00,8220,7691,7600,100,1162,15.29
222,2020-09-29 00:00:00+00:00,34619,33171,32972,2657,5002,15.17
223,2020-09-30 00:00:00+00:00,70152,67666,67360,14378,9055,13.44
224,2020-10-01 00:00:00+00:00,65943,63656,63336,14951,7701,12.16
225,2020-10-02 00:00:00+00:00,62164,59831,59565,15136,7059,11.85
226,2020-10-03 00:00:00+00:00,25144,23506,23393,7927,2581,11.03
227,2020-10-04 00:00:00+00:00,26459,24843,24638,2164,2935,11.91
228,2020-10-05 00:00:00+00:00,52215,49707,49527,13301,5698,11.5
229,2020-10-06 00:00:00+00:00,47046,44739,44548,11468,4714,10.58
230,2020-10-07 00:00:00+00:00,49231,46504,46318,14823,4150,8.96
231,2020-10-08 00:00:00+00:00,49820,47185,46992,14082,3722,7.92
232,2020-10-09 00:00:00+00:00,37349,35207,35064,8392,2940,8.38
233,2020-10-10 00:00:00+00:00,13467,12292,12220,2302,891,7.29
234,2020-10-11 00:00:00+00:00,23119,21289,21142,1809,1638,7.75
235,2020-10-12 00:00:00+00:00,47366,44325,44109,12065,3131,7.1
236,2020-10-13 00:00:00+00:00,45317,42424,42225,15467,2301,5.45
237,2020-10-14 00:00:00+00:00,41182,38665,38491,13784,2099,5.45
238,2020-10-15 00:00:00+00:00,37649,35521,35336,11819,1607,4.55
239,2020-10-16 00:00:00+00:00,34745,32942,32774,6459,1473,4.49
240,2020-10-17 00:00:00+00:00,14994,14218,14164,2650,400,2.82
241,2020-10-18 00:00:00+00:00,27531,26034,25878,2226,923,3.57
242,2020-10-19 00:00:00+00:00,41854,39807,39609,10278,1497,3.78
243,2020-10-20 00:00:00+00:00,42544,40541,40350,13551,1181,2.93
244,2020-10-21 00:00:00+00:00,43454,41438,41245,13100,1157,2.81
245,2020-10-22 00:00:00+00:00,35304,33720,33556,8185,1022,3.05
246,2020-10-23 00:00:00+00:00,30510,29271,28996,6544,858,2.96
247,2020-10-24 00:00:00+00:00,6661,6311,6267,1525,247,3.94
248,2020-10-25 00:00:00+00:00,21807,20716,20551,2433,613,2.98
249,2020-10-26 00:00:00+00:00,41012,39306,38162,11555,877,2.3
250,2020-10-27 00:00:00+00:00,41723,40146,39598,14685,877,2.21
251,2020-10-28 00:00:00+00:00,35097,33877,33526,11273,723,2.16
252,2020-10-29 00:00:00+00:00,37605,36350,36135,9330,639,1.77
253,2020-10-30 00:00:00+00:00,32646,31715,31618,5830,678,2.14
254,2020-10-31 00:00:00+00:00,8028,7714,7667,1198,221,2.88
255,2020-11-01 00:00:00+00:00,22643,21848,21337,2488,667,3.13
256,2020-11-02 00:00:00+00:00,35817,34499,33491,10770,783,2.34
257,2020-11-03 00:00:00+00:00,41558,40194,38466,13387,842,2.19
258,2020-11-04 00:00:00+00:00,39793,38690,37364,11707,760,2.03
259,2020-11-05 00:00:00+00:00,35369,34467,33855,8656,567,1.67
260,2020-11-06 00:00:00+00:00,31589,30728,30104,7783,698,2.32
261,2020-11-07 00:00:00+00:00,8344,8077,8021,927,209,2.61
262,2020-11-08 00:00:00+00:00,22114,21486,20989,3356,534,2.54
263,2020-11-09 00:00:00+00:00,35225,34388,33380,9796,721,2.16
264,2020-11-10 00:00:00+00:00,41656,40541,39755,15349,674,1.7
265,2020-11-11 00:00:00+00:00,40488,39516,38456,11157,754,1.96
266,2020-11-12 00:00:00+00:00,40337,39326,38533,7603,837,2.17
267,2020-11-13 00:00:00+00:00,35792,35030,34283,7491,754,2.2
268,2020-11-14 00:00:00+00:00,12933,12655,12614,586,285,2.26
269,2020-11-15 00:00:00+00:00,23799,23300,23174,1347,622,2.68
270,2020-11-16 00:00:00+00:00,48244,46918,46439,12391,873,1.88
271,2020-11-17 00:00:00+00:00,52811,51594,51083,13456,828,1.62
272,2020-11-18 00:00:00+00:00,44845,43859,43601,8966,791,1.81
273,2020-11-19 00:00:00+00:00,53019,51987,51326,9641,770,1.5
274,2020-11-20 00:00:00+00:00,43699,42827,42622,5598,774,1.82
275,2020-11-21 00:00:00+00:00,15893,15605,15539,296,415,2.67
276,2020-11-22 00:00:00+00:00,34383,33699,32638,2532,767,2.35
277,2020-11-23 00:00:00+00:00,51963,50839,50225,10704,956,1.9
278,2020-11-24 00:00:00+00:00,57651,56447,56054,12761,840,1.5
279,2020-11-25 00:00:00+00:00,59099,57745,57398,11638,1081,1.88
280,2020-11-26 00:00:00+00:00,52700,51541,51048,6204,1088,2.13
281,2020-11-27 00:00:00+00:00,48108,47285,47091,5920,1031,2.19
282,2020-11-28 00:00:00+00:00,17528,17181,17106,3152,576,3.37
283,2020-11-29 00:00:00+00:00,39540,38622,38407,2656,1034,2.69
284,2020-11-30 00:00:00+00:00,58214,56902,56352,10001,1251,2.22
285,2020-12-01 00:00:00+00:00,62903,61625,61003,13832,1194,1.96
286,2020-12-02 00:00:00+00:00,71074,69568,68811,12612,1581,2.3
287,2020-12-03 00:00:00+00:00,64143,62846,62492,10972,1449,2.32
288,2020-12-04 00:00:00+00:00,60952,59730,59464,7734,1527,2.57
289,2020-12-05 00:00:00+00:00,25875,25368,25268,1602,998,3.95
290,2020-12-06 00:00:00+00:00,42587,41731,41554,1844,1362,3.28
291,2020-12-07 00:00:00+00:00,67303,65734,65193,9323,1866,2.86
292,2020-12-08 00:00:00+00:00,70120,68784,68518,10788,1762,2.57
293,2020-12-09 00:00:00+00:00,74290,72704,72437,12838,1878,2.59
294,2020-12-10 00:00:00+00:00,76642,75172,74770,10157,1997,2.67
295,2020-12-11 00:00:00+00:00,76270,74750,74306,10615,1832,2.47
296,2020-12-12 00:00:00+00:00,44833,43967,43670,3705,1295,2.97
297,2020-12-13 00:00:00+00:00,51468,50508,50053,1162,1730,3.46
298,2020-12-14 00:00:00+00:00,73698,72212,71838,9416,2304,3.21
299,2020-12-15 00:00:00+00:00,83972,82314,81842,12634,2887,3.53
300,2020-12-16 00:00:00+00:00,84131,82477,82066,12899,2859,3.48
301,2020-12-17 00:00:00+00:00,80544,78996,78378,11748,2835,3.62
302,2020-12-18 00:00:00+00:00,76733,75382,74915,8572,2801,3.74
303,2020-12-19 00:00:00+00:00,62141,60968,60630,7112,1895,3.13
304,2020-12-20 00:00:00+00:00,71714,70365,69399,3392,3092,4.46
305,2020-12-21 00:00:00+00:00,93005,91216,90587,11555,3854,4.25
306,2020-12-22 00:00:00+00:00,94363,92548,91461,15024,4370,4.78
307,2020-12-23 00:00:00+00:00,97770,95975,95104,11541,4046,4.25
308,2020-12-24 00:00:00+00:00,99019,97111,95772,12109,4070,4.25
309,2020-12-25 00:00:00+00:00,86515,84847,83790,11614,4018,4.8
310,2020-12-26 00:00:00+00:00,63970,62748,62099,5892,2660,4.28
311,2020-12-27 00:00:00+00:00,71376,70106,69115,2738,3536,5.12
312,2020-12-28 00:00:00+00:00,99890,97962,97437,12472,5513,5.66
313,2020-12-29 00:00:00+00:00,99628,97891,97325,13200,5645,5.8
314,2020-12-30 00:00:00+00:00,103391,101573,101018,12637,5865,5.81
315,2020-12-31 00:00:00+00:00,103597,101896,101232,10590,5881,5.81
316,2021-01-01 00:00:00+00:00,101217,99379,98664,8774,6029,6.11
317,2021-01-02 00:00:00+00:00,77160,75950,75579,4238,4223,5.59
318,2021-01-03 00:00:00+00:00,79939,78474,77901,2923,5228,6.71
319,2021-01-04 00:00:00+00:00,111655,109575,109022,9801,8406,7.71
320,2021-01-05 00:00:00+00:00,116538,114438,113684,12014,8233,7.24
321,2021-01-06 00:00:00+00:00,121360,119023,118042,13611,7881,6.68
322,2021-01-07 00:00:00+00:00,117331,115083,113859,13917,7672,6.74
323,2021-01-08 00:00:00+00:00,116982,114671,113592,14836,8208,7.23
324,2021-01-09 00:00:00+00:00,80260,78552,77945,7222,5162,6.62
325,2021-01-10 00:00:00+00:00,96425,94482,93250,2914,6960,7.46
326,2021-01-11 00:00:00+00:00,126327,123571,122160,8507,9750,7.98
327,2021-01-12 00:00:00+00:00,120996,118212,116809,15454,9303,7.96
328,2021-01-13 00:00:00+00:00,122324,119409,117874,20351,9500,8.06
329,2021-01-14 00:00:00+00:00,124846,121848,120256,13048,9290,7.73
330,2021-01-15 00:00:00+00:00,101985,99536,98876,10943,8434,8.53
331,2021-01-16 00:00:00+00:00,71760,70229,69359,5119,5086,7.33
332,2021-01-17 00:00:00+00:00,64475,62724,62086,2442,5651,9.1
333,2021-01-18 00:00:00+00:00,102021,99158,98403,13451,10089,10.25
334,2021-01-19 00:00:00+00:00,96080,93300,92660,15552,8618,9.3
335,2021-01-20 00:00:00+00:00,93421,90656,89920,13692,8327,9.26
336,2021-01-21 00:00:00+00:00,82548,80076,79633,12318,7241,9.09
337,2021-01-22 00:00:00+00:00,86036,83469,82932,10885,7362,8.88
338,2021-01-23 00:00:00+00:00,31000,30122,29990,1237,2430,8.1
339,2021-01-24 00:00:00+00:00,54458,52786,52456,3232,4941,9.42
340,2021-01-25 00:00:00+00:00,91654,88563,87778,14493,8698,9.91
341,2021-01-26 00:00:00+00:00,83592,80948,80503,11625,7759,9.64
342,2021-01-27 00:00:00+00:00,86103,83304,82482,14078,7704,9.34
343,2021-01-28 00:00:00+00:00,78521,76118,75591,10097,7168,9.48
344,2021-01-29 00:00:00+00:00,74377,71958,70862,7527,6752,9.53
345,2021-01-30 00:00:00+00:00,26885,26095,25876,688,2610,10.09
346,2021-01-31 00:00:00+00:00,55061,53281,52916,3462,5215,9.86
347,2021-02-01 00:00:00+00:00,93114,89773,88453,14968,8900,10.06
348,2021-02-02 00:00:00+00:00,88878,85810,85201,13607,8002,9.39
349,2021-02-03 00:00:00+00:00,86191,83242,82813,11802,7457,9.0
350,2021-02-04 00:00:00+00:00,84657,81611,81224,10385,7239,8.91
351,2021-02-05 00:00:00+00:00,84147,81626,80985,7901,6567,8.11
352,2021-02-06 00:00:00+00:00,29034,28160,27998,162,2647,9.45
353,2021-02-07 00:00:00+00:00,54012,52076,51662,3280,4586,8.88
354,2021-02-08 00:00:00+00:00,91354,88148,87619,13628,7803,8.91
355,2021-02-09 00:00:00+00:00,80932,78159,77632,11958,6141,7.91
356,2021-02-10 00:00:00+00:00,77442,74745,74334,11517,5643,7.59
357,2021-02-11 00:00:00+00:00,76512,73973,73538,8948,4994,6.79
358,2021-02-12 00:00:00+00:00,67572,65462,63967,5281,4665,7.29
359,2021-02-13 00:00:00+00:00,24927,24126,24018,226,1883,7.84
360,2021-02-14 00:00:00+00:00,47472,45762,45459,3294,3475,7.64
361,2021-02-15 00:00:00+00:00,70971,68409,68062,11325,5174,7.6
362,2021-02-16 00:00:00+00:00,74156,71526,71099,12957,4558,6.41
363,2021-02-17 00:00:00+00:00,64502,62294,61997,9436,4141,6.68
364,2021-02-18 00:00:00+00:00,52221,50554,50256,6708,3333,6.63
365,2021-02-19 00:00:00+00:00,62777,61173,60640,3594,3776,6.23
366,2021-02-20 00:00:00+00:00,19606,19026,18639,325,1256,6.74
367,2021-02-21 00:00:00+00:00,49967,48429,47968,3246,3091,6.44
368,2021-02-22 00:00:00+00:00,69525,67169,66290,9117,4800,7.24
369,2021-02-23 00:00:00+00:00,71825,69371,68680,13458,4428,6.45
370,2021-02-24 00:00:00+00:00,74950,72569,71806,10770,4346,6.05
371,2021-02-25 00:00:00+00:00,70305,68157,67689,7140,3803,5.62
372,2021-02-26 00:00:00+00:00,65689,64062,63619,3798,3798,5.97
373,2021-02-27 00:00:00+00:00,24383,23797,23539,461,1452,6.17
374,2021-02-28 00:00:00+00:00,54460,52913,52359,3902,3131,5.98
375,2021-03-01 00:00:00+00:00,89327,86751,86239,6816,4856,5.63
376,2021-03-02 00:00:00+00:00,90440,87900,87267,13350,4369,5.01
377,2021-03-03 00:00:00+00:00,93555,90882,90264,9344,4648,5.15
378,2021-03-04 00:00:00+00:00,89971,87488,86625,10467,3643,4.21
379,2021-03-05 00:00:00+00:00,100708,98391,97359,4271,3747,3.85
380,2021-03-06 00:00:00+00:00,41052,40097,39740,158,1938,4.88
381,2021-03-07 00:00:00+00:00,62275,60310,59887,5521,2344,3.91
382,2021-03-08 00:00:00+00:00,94909,92037,91293,7322,3770,4.13
383,2021-03-09 00:00:00+00:00,90531,87658,86859,12719,3102,3.57
384,2021-03-10 00:00:00+00:00,94034,91133,90026,11049,2823,3.14
385,2021-03-11 00:00:00+00:00,81712,79343,78122,9915,2536,3.25
386,2021-03-12 00:00:00+00:00,83540,81405,80402,4971,2401,2.99
387,2021-03-13 00:00:00+00:00,27130,26471,26315,119,776,2.95
388,2021-03-14 00:00:00+00:00,55955,54235,53666,3766,1397,2.6
389,2021-03-15 00:00:00+00:00,82895,80101,79409,10948,2109,2.66
390,2021-03-16 00:00:00+00:00,69935,67495,66479,13107,1566,2.36
391,2021-03-17 00:00:00+00:00,74636,72075,71316,13950,1530,2.15
392,2021-03-18 00:00:00+00:00,61735,59920,59090,9580,1233,2.09
393,2021-03-19 00:00:00+00:00,60467,58874,58003,3722,1076,1.86
394,2021-03-20 00:00:00+00:00,19216,18605,18512,150,347,1.87
395,2021-03-21 00:00:00+00:00,46220,44356,43880,6203,680,1.55
396,2021-03-22 00:00:00+00:00,58122,55713,54803,9566,976,1.78
397,2021-03-23 00:00:00+00:00,40060,38585,38370,4447,683,1.78
398,2021-03-24 00:00:00+00:00,43000,41457,41082,5684,478,1.16
399,2021-03-25 00:00:00+00:00,62808,60823,60120,8712,833,1.39
400,2021-03-26 00:00:00+00:00,47605,46318,45584,2391,519,1.14
401,2021-03-27 00:00:00+00:00,16849,16317,16195,49,230,1.42
402,2021-03-28 00:00:00+00:00,11462,11020,10954,27,130,1.19
403,2021-03-29 00:00:00+00:00,40494,38803,38482,7869,361,0.94
404,2021-03-30 00:00:00+00:00,41637,39946,39703,8205,443,1.12
405,2021-03-31 00:00:00+00:00,37970,36304,35939,8252,498,1.39
406,2021-04-01 00:00:00+00:00,34019,32468,32061,6200,336,1.05
407,2021-04-02 00:00:00+00:00,33342,32004,31660,968,418,1.32
408,2021-04-03 00:00:00+00:00,12106,11573,11516,0,124,1.08
409,2021-04-04 00:00:00+00:00,31721,29968,29749,5123,195,0.66
410,2021-04-05 00:00:00+00:00,50376,48128,47812,12637,387,0.81
411,2021-04-06 00:00:00+00:00,52095,49702,48435,18247,303,0.63
412,2021-04-07 00:00:00+00:00,47157,44963,44156,15594,275,0.62
413,2021-04-08 00:00:00+00:00,38113,36137,35688,7897,210,0.59
414,2021-04-09 00:00:00+00:00,36047,34225,33978,247,221,0.65
415,2021-04-10 00:00:00+00:00,11188,10652,10589,1,88,0.83
416,2021-04-11 00:00:00+00:00,33688,32233,30756,10011,139,0.45
417,2021-04-12 00:00:00+00:00,50871,48480,48117,12877,218,0.45
418,2021-04-13 00:00:00+00:00,62974,60593,58290,18485,200,0.34
419,2021-04-14 00:00:00+00:00,51475,49382,46198,13689,202,0.44
420,2021-04-15 00:00:00+00:00,14218,13359,13310,579,96,0.72
421,2021-04-16 00:00:00+00:00,30592,29249,28865,664,105,0.36
422,2021-04-17 00:00:00+00:00,11152,10661,10586,53,88,0.83
423,2021-04-18 00:00:00+00:00,33945,32598,31131,8104,140,0.45
424,2021-04-19 00:00:00+00:00,46073,43795,42487,11690,137,0.32
425,2021-04-20 00:00:00+00:00,46359,44233,41662,15139,157,0.38
426,2021-04-21 00:00:00+00:00,41281,39702,38034,10553,118,0.31
427,2021-04-22 00:00:00+00:00,31618,30440,30251,3837,128,0.42
428,2021-04-23 00:00:00+00:00,35245,33875,33614,577,109,0.32
429,2021-04-24 00:00:00+00:00,8762,8422,8379,49,41,0.49
430,2021-04-25 00:00:00+00:00,28338,27171,26887,3093,77,0.29
431,2021-04-26 00:00:00+00:00,36111,34602,34356,4627,94,0.27
432,2021-04-27 00:00:00+00:00,31255,30007,29846,3709,88,0.29
433,2021-04-28 00:00:00+00:00,34946,33819,33596,2870,95,0.28
434,2021-04-29 00:00:00+00:00,31718,30558,30368,1512,97,0.32
435,2021-04-30 00:00:00+00:00,35430,34254,34004,261,80,0.24
436,2021-05-01 00:00:00+00:00,9135,8771,8730,1,14,0.16
437,2021-05-02 00:00:00+00:00,25566,24477,24145,2229,51,0.21
438,2021-05-03 00:00:00+00:00,33707,32285,31789,3591,65,0.2
439,2021-05-04 00:00:00+00:00,33889,32492,32225,6066,63,0.2
440,2021-05-05 00:00:00+00:00,34913,33660,33311,4387,67,0.2
441,2021-05-06 00:00:00+00:00,28526,27601,27431,2793,48,0.17
442,2021-05-07 00:00:00+00:00,32904,31758,31572,537,33,0.1
443,2021-05-08 00:00:00+00:00,10397,10065,9989,0,18,0.18
444,2021-05-09 00:00:00+00:00,23529,22567,22461,2403,33,0.15
445,2021-05-10 00:00:00+00:00,35517,33929,33629,4950,53,0.16
446,2021-05-11 00:00:00+00:00,31563,30051,29794,3803,35,0.12
447,2021-05-12 00:00:00+00:00,28694,27487,27379,826,27,0.1
448,2021-05-13 00:00:00+00:00,20927,20056,19956,1195,30,0.15
449,2021-05-14 00:00:00+00:00,20244,19385,19264,118,28,0.15
450,2021-05-15 00:00:00+00:00,5525,5214,5155,0,20,0.39
451,2021-05-16 00:00:00+00:00,14776,14067,14027,145,29,0.21
452,2021-05-17 00:00:00+00:00,8745,8203,8147,1,15,0.18
453,2021-05-18 00:00:00+00:00,23844,22430,22239,5006,22,0.1
454,2021-05-19 00:00:00+00:00,28411,26862,26606,5236,57,0.21
455,2021-05-20 00:00:00+00:00,22040,20958,20705,2129,33,0.16
456,2021-05-21 00:00:00+00:00,26955,25749,25566,144,22,0.09
457,2021-05-22 00:00:00+00:00,6919,6632,6579,0,14,0.21
458,2021-05-23 00:00:00+00:00,18390,17280,17135,1444,26,0.15
459,2021-05-24 00:00:00+00:00,32248,30649,30387,4065,27,0.09
460,2021-05-25 00:00:00+00:00,26674,25471,25365,3461,23,0.09
461,2021-05-26 00:00:00+00:00,25934,24893,24739,2305,15,0.06
462,2021-05-27 00:00:00+00:00,27738,26309,26157,3220,12,0.05
463,2021-05-28 00:00:00+00:00,31828,30691,30434,447,18,0.06
464,2021-05-29 00:00:00+00:00,9340,8998,8932,280,12,0.13
465,2021-05-30 00:00:00+00:00,19780,18748,18624,1649,3,0.02
466,2021-05-31 00:00:00+00:00,25471,24026,23812,3699,14,0.06
467,2021-06-01 00:00:00+00:00,21750,20319,20132,3761,48,0.24
468,2021-06-02 00:00:00+00:00,17243,16064,15845,1175,14,0.09
469,2021-06-03 00:00:00+00:00,15803,14790,14634,1109,11,0.08
470,2021-06-04 00:00:00+00:00,17990,16822,16736,2,31,0.19
471,2021-06-05 00:00:00+00:00,7332,6873,6817,0,5,0.07
472,2021-06-06 00:00:00+00:00,16034,14874,14774,1331,5,0.03
473,2021-06-07 00:00:00+00:00,23015,21366,21240,1952,6,0.03
474,2021-06-08 00:00:00+00:00,21243,19754,19634,3384,30,0.15
475,2021-06-09 00:00:00+00:00,16937,15677,15586,1052,6,0.04
476,2021-06-10 00:00:00+00:00,17679,16514,16460,955,19,0.12
477,2021-06-11 00:00:00+00:00,17477,16249,16056,1,18,0.11
478,2021-06-12 00:00:00+00:00,10430,9851,9817,0,5,0.05
479,2021-06-13 00:00:00+00:00,18547,17296,17228,741,3,0.02
480,2021-06-14 00:00:00+00:00,26331,24448,23943,3119,25,0.1
481,2021-06-15 00:00:00+00:00,22495,20837,20529,3151,26,0.13
482,2021-06-16 00:00:00+00:00,18399,17034,16908,1092,13,0.08
483,2021-06-17 00:00:00+00:00,16588,15374,15017,1175,26,0.17
484,2021-06-18 00:00:00+00:00,20294,18720,18237,1,35,0.19
485,2021-06-19 00:00:00+00:00,12658,11767,11381,1,46,0.4
486,2021-06-20 00:00:00+00:00,24652,23218,21884,1179,49,0.22
487,2021-06-21 00:00:00+00:00,32418,30221,29717,1435,125,0.42
488,2021-06-22 00:00:00+00:00,30912,28832,26853,3724,110,0.41
489,2021-06-23 00:00:00+00:00,29660,27740,26515,3003,141,0.53
490,2021-06-24 00:00:00+00:00,29887,28193,26417,1835,230,0.87
491,2021-06-25 00:00:00+00:00,39766,37136,36050,372,231,0.64
492,2021-06-26 00:00:00+00:00,21859,20760,19647,0,115,0.59
493,2021-06-27 00:00:00+00:00,30381,28477,27435,2283,145,0.53
494,2021-06-28 00:00:00+00:00,47670,44714,42546,5166,285,0.67
495,2021-06-29 00:00:00+00:00,46862,44075,42731,4809,294,0.69
496,2021-06-30 00:00:00+00:00,43640,40837,38962,5054,311,0.8
497,2021-07-01 00:00:00+00:00,44597,42049,41006,4937,296,0.72
498,2021-07-02 00:00:00+00:00,49699,46620,44982,3084,326,0.72
499,2021-07-03 00:00:00+00:00,27151,25788,24806,121,187,0.75
500,2021-07-04 00:00:00+00:00,36501,34403,32425,1669,350,1.08
501,2021-07-05 00:00:00+00:00,53789,50345,49070,6921,507,1.03
502,2021-07-06 00:00:00+00:00,60685,56972,53861,7038,528,0.98
503,2021-07-07 00:00:00+00:00,54844,51385,49405,9415,525,1.06
504,2021-07-08 00:00:00+00:00,52115,48838,46958,6635,470,1.0
505,2021-07-09 00:00:00+00:00,61505,57590,55980,5445,539,0.96
506,2021-07-10 00:00:00+00:00,34551,32572,31022,673,263,0.85
507,2021-07-11 00:00:00+00:00,42469,39567,38331,3478,440,1.15
508,2021-07-12 00:00:00+00:00,62105,57746,55425,8905,763,1.38
509,2021-07-13 00:00:00+00:00,62220,57870,55262,8279,766,1.39
510,2021-07-14 00:00:00+00:00,63086,58698,56188,9601,778,1.38
511,2021-07-15 00:00:00+00:00,65373,61083,56825,8625,866,1.52
512,2021-07-16 00:00:00+00:00,80999,75704,71567,8140,1135,1.59
513,2021-07-17 00:00:00+00:00,32802,30788,29603,279,432,1.46
514,2021-07-18 00:00:00+00:00,56107,52575,49373,2888,842,1.71
515,2021-07-19 00:00:00+00:00,33199,30375,29976,4495,352,1.17
